id	sample_123	sample_62	sample_100	sample_91	sample_88	sample_103	sample_65	sample_1	sample_108	sample_47	sample_90	sample_98	sample_58	sample_30	sample_37	sample_94	sample_34	sample_53	sample_76	sample_31	sample_56	sample_106	sample_55	sample_29	sample_60	sample_54	sample_33	sample_14	sample_121	sample_28	sample_86	sample_16	sample_25	sample_87	sample_127	sample_129	sample_119	sample_128	sample_63	sample_46	sample_109	sample_49	sample_82	sample_101	sample_23	sample_8	sample_93	sample_3	sample_59	sample_73	sample_107	sample_70	sample_36	sample_27	sample_38	sample_12	sample_39	sample_24	sample_20	sample_44	sample_78	sample_105	sample_81	sample_113	sample_84	sample_80	sample_13	sample_130	sample_18	sample_77	sample_19	sample_125	sample_99	sample_41	sample_124	sample_43	sample_4	sample_85	sample_64	sample_75	sample_45	sample_15	sample_120	sample_102	sample_95	sample_114	sample_48	sample_89	sample_66	sample_118	sample_68	sample_71	sample_92	sample_72	sample_67	sample_126	sample_42	sample_61	sample_26	sample_104	sample_52	sample_40	sample_79	taxonomy
OTU_1	1053	84	0	507	398	46	261	812	260	17	62	79	1722	289	1943	96	1028	116	15	2716	472	48	101	111	426	1	191	44	1195	40	90	12	115	144	275	925	361	1060	337	35	4748	73	124	799	347	428	238	1	212	77	149	69	273	120	4623	1488	48	87	23	1102	19	3095	277	292	232	78	162	366	3591	2346	5	181	298	170	197	669	149	201	155	97	523	12	555	1071	242	502	3315	2173	0	169	195	2273	7	176	41	690	195	209	45	331	1	1701	5099	Bacteria;Firmicutes;Clostridia;Clostridiales;Lachnospiraceae;
OTU_2	2808	288	4358	1985	3309	95	447	1	490	34	111	150	509	3403	0	242	468	155	101	198	478	289	278	296	2121	68	726	290	239	133	509	191	649	353	1102	390	89	458	3	10	778	46	1347	311	123	1166	188	879	1573	123	1007	190	147	35	0	842	377	72	42	9	437	0	739	660	183	119	134	643	0	13	822	446	123	269	719	49	327	56	1	188	144	343	1031	491	1198	269	5	810	0	2	546	1463	3211	540	215	1	158	491	20	670	803	1	531	Bacteria;Actinobacteria;Actinobacteria;Bifidobacteriales;Bifidobacteriaceae;Bifidobacterium
OTU_3	0	209	0	1001	3	139	1	466	8	169	957	332	2946	0	0	12	80	486	313	5	187	131	796	524	1446	72	816	718	1	424	871	110	249	86	366	1	124	99	1305	114	4	677	0	0	148	931	116	4	149	79	1092	598	7	59	4	2	962	36	261	286	101	2	203	853	1411	489	2213	2	2	2	1	497	36	232	1	43	1637	739	292	679	274	564	8	0	64	114	0	1	1	3	116	4	1	181	1381	0	530	432	126	378	2	1	2	Bacteria;Firmicutes;Clostridia;Clostridiales;Lachnospiraceae;Blautia
OTU_4	0	4609	0	0	2	1500	0	1	0	412	1124	0	2	302	0	0	0	1045	16	9	705	541	1101	0	3	141	1581	601	0	902	194	463	1	35	0	0	0	35	481	324	1	0	1	3	0	59	859	0	1068	0	229	2	1	1596	0	1	304	512	18	2	180	0	15	290	836	0	14	216	0	1	0	15	2	388	1226	1	2928	0	46	2	278	329	0	0	0	51	0	0	0	0	0	0	0	1584	1065	1750	2	9	0	479	0	0	0	Bacteria;Firmicutes;Clostridia;Clostridiales;Ruminococcaceae;Faecalibacterium
OTU_5	649	74	1	232	474	35	383	481	64	11	20	545	803	24	1056	135	369	4	66	1359	192	7	25	55	2	2	2	22	285	1	0	30	2	1	0	1	1	222	1	89	735	2	0	774	76	464	30	0	0	26	705	19	541	79	1	647	10	2	118	444	314	1771	438	241	21	58	84	3	2	631	0	1	242	57	179	270	74	17	29	1	407	6	916	1841	1	0	661	808	1	2	594	360	0	9	11	133	39	50	159	161	1	1188	4	Bacteria;Firmicutes;Clostridia;Clostridiales;Lachnospiraceae;Clostridium XlVa
OTU_6	0	539	26	6	0	122	184	19	0	8	388	49	2	0	2	773	0	6	1	0	1	12	209	280	2	65	0	11	0	2	1958	1984	0	2	0	0	0	0	0	0	0	0	0	2	0	9	799	0	9	10	2	2791	1	1	1	0	1	167	2	0	0	0	1	9	0	222	1046	2	0	0	0	764	2305	2803	0	1	0	1135	101	15	1	594	1	0	6	14	0	0	624	0	8	0	20	0	407	0	282	0	4	948	90	3	0	Bacteria;Actinobacteria;Actinobacteria;Bifidobacteriales;Bifidobacteriaceae;Bifidobacterium
OTU_7	0	1	0	71	3	285	1663	1169	1416	390	608	0	1	0	160	164	729	394	48	1	0	0	134	0	0	122	5	108	1	174	33	0	1	995	138	0	2	0	68	130	0	861	0	0	335	0	0	73	66	2795	0	333	1048	629	0	621	0	849	685	33	1104	0	734	5	879	650	259	0	0	1	1175	0	633	2	203	601	0	317	738	372	2495	397	0	539	0	207	85	690	0	1	2	1	0	356	602	911	323	755	3	235	464	292	0	Bacteria;Bacteroidetes;Bacteroidia;Bacteroidales;Bacteroidaceae;Bacteroides
OTU_8	70	27	7	0	194	0	1	0	1	142	0	0	4	8	1299	207	127	0	0	0	235	1	46	1	1	0	0	0	587	0	10	6	243	0	0	570	141	78	7	0	517	81	0	169	0	9	48	1	22	0	101	2	92	53	46	24	15	0	0	21	61	783	45	0	0	35	98	615	187	382	0	0	61	54	0	448	1	98	70	12	169	0	208	13	1	20	281	299	1	0	2	24	0	0	0	0	21	1	21	429	1	0	1156	Bacteria;Firmicutes;Clostridia;Clostridiales;Lachnospiraceae;
OTU_9	0	0	0	0	0	63	0	1	3	28	45	5	2	0	0	592	0	2028	192	0	3	1249	261	0	1	196	0	805	6	122	18	60	27	92	63	0	1	820	1	131	0	586	0	8	0	142	0	0	284	4	151	2	0	71	2	0	221	0	927	0	106	1	22	390	0	319	708	0	0	0	92	540	30	1	0	3	0	50	672	1757	0	38	0	0	29	139	0	191	0	0	0	1	1	9	0	1	0	7	0	0	336	0	2	Bacteria;Firmicutes;Clostridia;Clostridiales;Lachnospiraceae;Roseburia
OTU_10	0	0	0	27	0	4	66	123	46	16	14	62	91	20	15	0	318	16	96	272	71	11	51	42	28	2	0	3	166	19	5	3	2	66	293	1208	419	1	109	24	272	51	0	1	23	126	1	41	0	4	34	101	35	140	1	122	33	20	34	70	180	141	47	85	41	39	0	77	252	151	149	115	83	14	119	13	69	47	9	84	129	15	40	253	0	74	178	555	0	0	186	36	0	64	2	143	111	67	0	81	184	227	0	Bacteria;Firmicutes;Clostridia;Clostridiales;Lachnospiraceae;Clostridium XlVa
OTU_11	0	0	21	0	0	35	0	0	1	26	0	0	2	0	0	0	0	1	5	2	0	228	391	115	0	23	0	596	0	181	0	52	245	179	0	0	0	1697	0	50	0	0	0	0	0	0	0	43	1	0	736	0	0	157	2	0	841	4	115	0	0	0	0	0	0	117	38	544	0	0	0	0	150	1	0	3	65	124	76	0	1	10	0	1	0	0	2	0	0	0	0	0	0	0	0	2	18	1	0	0	0	0	0	Bacteria;Firmicutes;Clostridia;Clostridiales;Lachnospiraceae;Ruminococcus2
OTU_12	0	97	0	0	2	21	0	0	0	24	646	0	0	0	0	0	0	234	0	3	0	126	475	75	641	66	433	276	0	120	430	143	107	0	0	0	21	778	0	21	0	360	1	0	328	307	138	0	1	114	0	0	0	0	0	0	0	21	130	0	0	0	0	0	711	369	248	55	0	0	0	1	205	0	0	1	585	0	168	409	0	267	0	1	0	75	418	0	0	0	0	0	0	1	465	0	362	0	1	0	0	0	0	Bacteria;Firmicutes;Clostridia;Clostridiales;Lachnospiraceae;Anaerostipes
OTU_13	0	0	0	0	801	27	0	1	0	7	782	0	4	607	1	32	0	6	68	1	0	0	415	9	3	62	1	185	0	2	5	2	0	121	1	27	0	87	8	683	0	1441	0	0	84	76	0	424	0	109	1	73	12	80	0	0	640	0	15	2	0	0	24	0	50	2	301	2	4	3	43	11	26	0	0	1	4	30	42	26	32	178	1	0	1	119	2	0	0	0	13	0	0	2	99	6	0	952	5	0	0	0	0	Bacteria;Firmicutes;Clostridia;Clostridiales;Lachnospiraceae;Ruminococcus2
OTU_14	21	95	23	2	143	2	147	10	55	3	0	17	11	26	712	0	60	0	2	11	99	12	6	12	61	2	0	0	138	163	22	2	57	163	50	77	160	9	19	1	10	6	43	10	1	123	58	13	24	2	38	10	0	3	81	14	28	15	0	1431	24	65	3	26	45	49	0	68	36	3	58	42	72	27	208	78	2	18	15	1	5	0	305	57	491	50	1	7	31	123	0	5	7	2	3	469	0	6	6	120	18	96	102	Bacteria;Proteobacteria;Gammaproteobacteria;Enterobacteriales;Enterobacteriaceae;Escherichia/Shigella
OTU_15	0	0	0	22	0	122	193	805	631	145	64	579	1	0	0	91	150	292	0	0	0	360	404	1	0	68	0	0	0	0	32	0	39	0	68	0	0	0	1	39	0	1	0	471	86	0	0	43	13	0	0	132	105	0	0	19	2	582	221	35	419	0	192	1	142	957	78	0	0	0	0	1	1	3	1	527	0	85	1	0	1	241	0	0	0	3	12	0	0	0	942	0	0	279	66	787	110	203	3	357	0	21	1	Bacteria;Bacteroidetes;Bacteroidia;Bacteroidales;Bacteroidaceae;Bacteroides
OTU_16	440	0	0	185	0	64	0	0	0	13	122	0	0	1	0	117	0	0	57	0	0	0	52	112	414	57	0	53	0	0	0	0	0	589	1202	0	0	0	0	18	0	0	0	0	312	0	0	112	1	19	0	57	106	29	0	0	0	12	117	0	0	0	508	0	40	0	65	0	0	0	0	0	0	0	0	172	79	0	0	0	0	155	0	0	0	409	0	0	0	0	0	0	0	256	67	0	0	16	0	0	0	0	2	Bacteria;Actinobacteria;Actinobacteria;Coriobacteriales;Coriobacteriaceae;Collinsella
OTU_17	30	58	0	23	4	118	27	186	107	58	65	0	57	38	0	78	39	22	60	1	56	70	18	195	20	8	69	1	270	5	21	4	22	33	42	42	140	75	78	35	32	97	0	0	81	113	139	157	11	61	74	16	104	293	54	4	173	202	27	58	123	173	258	44	48	66	58	96	101	106	39	48	242	6	75	136	90	23	95	23	184	91	22	52	0	98	134	123	0	0	41	43	0	46	30	12	80	61	3	108	0	63	15	Bacteria;Firmicutes;Clostridia;Clostridiales;Ruminococcaceae;Flavonifractor
OTU_18	0	0	0	17	0	4	8	436	1461	34	0	0	14	0	0	97	0	2	370	0	24	3	73	196	0	8	0	0	0	0	32	0	0	0	3	326	1	1	0	4	0	7	0	0	0	0	0	0	4	1	0	1	2	0	0	8	1	449	0	0	56	38	13	5	5	259	0	5	0	5	0	0	0	0	94	0	0	0	10	0	0	40	0	0	0	3	0	141	0	0	0	1	0	349	36	0	155	0	0	20	1	0	0	Bacteria;Verrucomicrobia;Verrucomicrobiae;Verrucomicrobiales;Verrucomicrobiaceae;Akkermansia
OTU_19	10	1	1	18	0	190	20	18	1	25	1	14	2	0	0	246	0	73	2	1	5	78	139	12	14	37	11	119	50	323	239	0	0	0	21	121	1	1	0	5	0	15	0	0	435	129	0	16	28	0	76	1	126	71	336	0	1	3	101	0	1	138	0	0	6	137	22	1490	1244	1357	1	24	111	0	90	0	0	3	166	571	29	14	0	0	0	4	0	1	280	3	36	28	1	1130	0	632	4	23	70	6	0	0	0	Bacteria;Firmicutes;Clostridia;Clostridiales;Lachnospiraceae;Blautia
OTU_20	0	0	0	19	0	28	20	2	38	58	158	0	0	48	1	93	290	126	127	157	181	0	36	0	0	49	0	11	2041	21	0	2	1	0	6	1272	0	0	54	48	1	1	0	159	57	0	2	77	10	854	224	63	48	118	0	72	1	117	251	23	467	0	232	0	60	51	52	0	0	108	0	101	23	404	0	133	0	206	466	121	0	110	95	218	0	70	18	1	0	0	353	0	0	53	87	311	145	291	0	86	0	27	0	Bacteria;Bacteroidetes;Bacteroidia;Bacteroidales;Bacteroidaceae;Bacteroides
OTU_21	3	7	2	29	61	29	47	10	13	5	102	80	14	9	7	75	6	37	42	2	36	364	59	59	34	4	10	30	20	34	6	5	619	28	2	49	4	134	10	10	4	16	7	43	14	31	24	50	29	13	16	28	68	30	0	5	9	22	5	1	56	5	14	30	33	14	17	18	30	35	8	7	28	2	88	264	40	15	100	210	63	40	26	58	14	64	10	68	7	213	21	2	6	3	4	0	23	28	0	140	65	11	222	Bacteria;Firmicutes;Clostridia;Clostridiales;Peptostreptococcaceae;Clostridium XI
OTU_22	87	0	0	0	0	2	232	0	15	12	0	0	0	0	0	67	51	239	31	0	51	44	71	5	21	8	28	77	0	77	0	3	269	0	0	0	0	60	39	4	0	37	0	560	8	183	44	0	0	0	1	0	7	1	0	0	22	16	74	0	0	0	0	60	14	23	25	39	0	0	0	0	0	0	0	89	73	1	27	356	0	3	0	0	534	96	1	1	0	0	0	0	693	8	1	0	0	2	0	0	5	0	1	Bacteria;Firmicutes;Clostridia;Clostridiales;Lachnospiraceae;Lachnospira;
OTU_23	0	0	0	0	0	9	8	365	0	7	0	440	3	229	0	232	0	1	0	0	0	0	482	0	0	0	0	0	0	25	14	13	0	0	0	0	0	0	2	0	0	0	0	0	1	5	484	0	14	0	0	30	33	269	0	0	0	0	0	0	28	0	8	0	95	0	0	0	613	0	100	0	0	0	253	0	0	26	158	55	0	0	0	0	0	0	62	0	1	0	279	59	0	0	116	0	38	100	0	158	0	0	0	Bacteria;Bacteroidetes;Bacteroidia;Bacteroidales;Bacteroidaceae;Bacteroides;
OTU_24	20	22	3	1	0	78	1	1	1	43	1	465	1	22	66	125	6	5	1	2	1	283	50	11	1	11	42	385	0	41	5	0	2764	0	2	39	0	44	0	2	1	2	6	667	9	53	1	9	4	29	146	1	10	1	0	3	15	1	14	1	0	0	2	128	8	23	0	10	0	0	2	0	2	0	21	4	3	123	111	173	0	16	0	34	4	54	5	52	0	4	2	29	0	0	0	0	6	2	0	0	8	0	20	Bacteria;Firmicutes;Clostridia;Clostridiales;Clostridiaceae 1;Clostridium sensu stricto 1;
OTU_25	0	0	0	9	0	0	0	0	0	37	0	0	0	0	0	138	0	0	0	276	0	0	0	0	0	0	0	0	0	0	0	0	0	0	0	0	0	0	826	73	0	0	0	0	0	0	0	62	0	0	0	41	0	63	0	0	0	0	0	2	45	0	0	0	0	0	54	0	0	0	0	0	0	0	0	20	0	0	117	0	0	2	0	0	0	0	0	0	0	0	0	0	0	0	0	0	0	613	0	0	0	0	0	Bacteria;Bacteroidetes;Bacteroidia;Bacteroidales;Porphyromonadaceae;Parabacteroides;
OTU_26	0	0	5	0	1	51	0	0	1	350	55	0	0	0	0	14	0	3	2	0	7	49	40	101	6	7	0	6	0	22	28	0	2	0	0	2	0	109	0	197	0	17	0	1	10	0	0	5	0	0	0	0	0	1	10	0	0	13	3	2	0	0	2	222	139	27	0	1	1	4	0	110	1	0	0	2	0	286	0	0	1	25	1	0	15	1	0	0	0	0	1	0	0	233	42	1	0	10	65	0	421	0	1	Bacteria;Firmicutes;Clostridia;Clostridiales;Lachnospiraceae;Clostridium XlVa
OTU_27	0	76	0	0	0	1	0	0	44	1	1	0	95	0	0	0	0	0	53	29	10	34	0	0	0	1	77	0	121	1	0	3	0	0	1	136	0	0	0	12	2	0	0	0	5	20	0	62	4	25	0	0	0	0	200	80	0	1	0	0	91	68	21	105	3	0	0	0	0	72	0	60	8	0	12	0	0	22	0	0	78	8	0	0	0	84	0	108	0	0	42	28	0	6	0	74	34	2	0	112	0	2	0	Bacteria;Firmicutes;Clostridia;Clostridiales;Lachnospiraceae;Clostridium XlVa
OTU_28	6	0	0	3	0	18	39	1	2	0	16	4	10	21	59	33	16	0	0	0	6	237	9	7	0	0	0	22	3	24	0	0	450	0	1	56	1	47	15	4	52	0	0	248	32	58	0	1	45	3	2	0	7	0	262	3	7	5	16	0	0	13	3	41	3	1	4	0	14	1	7	0	0	0	102	100	51	0	42	62	1	42	26	34	0	60	17	229	2	0	3	24	0	0	0	0	9	9	0	0	4	2	4	Bacteria;Firmicutes;Clostridia;Clostridiales;Peptostreptococcaceae;Clostridium XI
OTU_29	79	10	0	0	0	23	0	0	1	62	134	10	0	0	0	264	0	6	0	0	0	160	90	1	258	22	18	121	0	4	4	0	125	1	143	0	0	55	0	139	0	8	0	14	133	1	0	8	2	1	0	34	0	17	0	0	329	7	95	0	1	0	68	3	1	236	38	4	0	0	0	0	34	0	0	3	5	2	113	95	0	0	0	0	0	0	0	0	0	0	0	0	0	0	0	0	0	2	48	0	0	0	0	Bacteria;Firmicutes;Clostridia;Clostridiales;Lachnospiraceae;Roseburia
OTU_30	0	56	0	0	0	34	0	0	0	38	0	0	0	0	0	373	0	246	0	0	0	126	159	0	0	81	0	96	0	0	0	0	0	0	0	0	2	294	0	22	0	0	0	0	0	0	0	0	0	0	0	2	0	0	0	0	858	7	0	0	0	0	0	0	0	0	0	0	1	0	0	0	0	1	0	0	0	0	0	438	352	246	0	0	0	0	0	0	0	0	0	0	0	0	0	0	0	0	0	0	0	0	0	Bacteria;Firmicutes;Clostridia;Clostridiales;Lachnospiraceae;
OTU_31	0	83	0	0	0	132	0	0	42	27	0	0	0	0	0	0	0	1	74	0	0	0	99	0	147	31	0	140	0	219	0	0	0	0	0	0	0	144	0	0	1	342	8	0	0	0	0	67	0	0	322	0	0	0	1	0	0	7	0	0	0	0	0	0	155	0	0	0	26	12	0	0	0	1	0	1	0	0	0	0	2	0	0	2	0	0	1	0	0	0	0	0	0	0	0	0	165	0	0	0	0	0	2	Bacteria;Firmicutes;Clostridia;Clostridiales;Lachnospiraceae;Dorea;
OTU_32	0	0	0	59	73	0	0	89	21	0	0	93	20	29	69	14	62	3	123	0	54	2	2	0	2	3	0	0	82	4	20	1	1	30	29	105	0	0	204	0	160	0	0	480	5	18	0	104	2	0	59	31	15	7	50	17	72	0	3	7	30	176	204	34	18	18	0	5	0	167	12	48	3	38	76	1	12	103	6	0	67	0	36	220	0	4	55	167	0	0	62	50	1	21	0	12	18	75	5	92	0	41	96	Bacteria;Firmicutes;Clostridia;Clostridiales;Lachnospiraceae;Anaerostipes;
OTU_33	0	0	0	0	4	291	0	0	0	180	280	383	1	0	0	222	0	198	73	0	0	409	84	339	3	93	0	20	0	226	0	2	5	0	0	0	0	1	0	42	0	43	0	0	13	0	0	1	214	0	0	411	174	234	1	0	0	0	214	0	0	1	0	0	0	1	78	0	0	0	0	0	0	0	0	0	1	0	0	165	1	720	0	0	0	71	0	0	0	0	425	2	0	225	0	20	107	0	0	1	0	0	0	Bacteria;Firmicutes;Clostridia;Clostridiales;Ruminococcaceae;Ruminococcus;
OTU_34	0	0	0	0	0	11	0	0	1	273	2	0	0	0	0	3	0	0	0	0	0	129	38	0	0	32	1	58	0	414	0	0	0	0	0	0	0	0	0	2	0	6	0	0	0	0	0	0	1	0	242	0	0	0	0	0	162	2	2	0	0	0	0	0	0	7	0	0	0	0	0	0	0	0	0	0	0	0	124	0	0	169	0	0	0	0	0	0	1	1	0	0	0	0	82	0	0	0	0	0	0	0	0	Bacteria;Firmicutes;Clostridia;Clostridiales;Ruminococcaceae;
OTU_35	0	0	0	0	0	61	0	0	0	36	0	0	1	0	0	263	0	4	0	0	0	0	140	0	0	109	0	209	0	0	203	0	0	0	0	0	0	1	0	44	0	486	0	0	0	0	0	0	1	0	0	1	0	0	0	0	0	0	142	0	0	0	0	0	0	628	1	0	0	0	0	0	0	0	0	0	0	0	0	0	0	0	0	0	0	0	0	0	9	0	0	1	0	1	0	0	0	0	1	0	0	0	0	Bacteria;Firmicutes;Clostridia;Clostridiales;Ruminococcaceae;Gemmiger
OTU_36	0	0	20	18	0	0	49	0	0	7	150	0	0	0	0	16	0	61	25	5	52	42	12	60	0	0	1	0	145	0	33	0	0	66	45	3	61	209	0	3	1	0	0	0	141	101	0	0	4	0	15	0	0	38	0	0	0	25	72	0	17	274	145	0	143	53	0	86	0	64	0	0	3	11	0	1	130	0	26	90	153	115	0	0	0	0	268	0	0	0	40	110	0	12	53	0	0	0	0	35	1	0	0	Bacteria;Firmicutes;Clostridia;Clostridiales;Lachnospiraceae;
OTU_37	0	0	0	0	0	0	0	0	0	0	1	0	1	0	0	0	0	0	198	1	0	0	2	0	0	0	0	0	0	27	0	0	0	0	0	0	0	48	0	0	0	0	0	0	25	0	0	0	0	0	0	0	0	0	0	0	0	0	0	0	0	0	0	0	0	153	0	38	1	0	0	0	0	0	0	0	420	0	1223	0	0	1	0	0	0	0	0	0	3	0	0	2	0	16	0	0	0	0	2	0	0	0	0	Bacteria;Firmicutes;Clostridia;Clostridiales;Lachnospiraceae;Blautia;
OTU_38	2	3	0	2	0	13	9	1	12	1	0	4	1	0	0	409	0	47	0	0	5	29	37	5	1	21	5	101	2	103	0	0	0	64	0	14	0	0	0	10	1	273	0	0	318	4	0	5	0	0	6	1	82	46	47	0	0	0	16	0	0	20	0	102	2	2	13	2	11	4	0	2	249	0	114	0	1	0	0	137	2	3	0	0	0	0	0	0	0	0	0	0	0	0	0	0	7	4	0	3	0	0	0	Bacteria;Firmicutes;Clostridia;Clostridiales;Lachnospiraceae;Blautia;
OTU_39	0	16	0	0	0	8	746	0	1	0	42	0	0	0	0	0	0	0	1	1	0	19	4	0	0	3	0	74	0	0	19	0	0	0	0	0	25	0	2	36	0	77	0	0	0	0	0	0	0	0	0	0	0	0	0	0	0	2	13	0	0	0	0	0	71	34	0	0	0	0	0	98	0	0	113	0	14	0	127	205	0	27	0	0	0	0	0	0	0	0	0	0	0	42	95	0	98	59	0	0	0	1	0	Bacteria;Firmicutes;Clostridia;Clostridiales;Lachnospiraceae;
OTU_40	0	102	0	0	0	50	4	0	0	0	0	0	2	0	0	126	0	0	0	0	2	0	204	1	60	0	0	0	0	273	49	20	0	158	0	0	3	230	0	104	0	125	0	0	66	0	0	3	119	0	0	1	0	48	0	0	1	2	0	1	0	0	0	1	4	230	0	0	0	0	0	0	0	0	0	0	111	240	2	0	0	33	0	0	0	1	0	0	0	0	0	0	0	0	67	0	0	1	1	0	0	0	0	Bacteria;Firmicutes;Clostridia;Clostridiales;Lachnospiraceae;Lachnospiracea_incertae_sedis
OTU_41	0	0	0	0	1	15	4	1	0	7	40	0	0	4	0	0	0	0	44	0	0	0	4	140	0	0	0	0	0	3	25	0	0	0	0	0	0	0	6	84	0	0	0	0	0	18	0	119	1	0	0	0	0	326	0	0	1	39	1	0	0	20	15	0	0	0	0	0	0	0	9	0	18	0	0	0	21	7	4	0	170	15	0	0	0	25	0	0	0	0	0	0	0	6	0	0	0	1	0	4	0	0	0	Bacteria;Firmicutes;Clostridia;Clostridiales;Ruminococcaceae;
OTU_42	0	0	0	0	0	83	0	0	1	188	0	0	0	0	0	0	0	0	359	0	0	0	33	0	0	20	0	97	0	86	0	0	0	0	0	0	0	181	0	0	0	22	0	0	36	0	0	0	0	0	123	0	0	0	0	0	0	1	48	0	0	0	1	271	0	0	150	0	0	0	0	0	0	0	0	3	0	0	3	157	2	7	0	0	0	0	1	0	0	0	0	0	0	4	0	0	0	0	0	0	0	0	0	Bacteria;Firmicutes;Clostridia;Clostridiales;Lachnospiraceae;Blautia;
OTU_43	0	0	0	0	0	18	0	0	0	92	0	0	0	0	0	81	0	0	0	0	0	0	0	0	0	0	0	0	0	0	0	0	0	0	0	0	0	0	0	0	0	0	0	0	0	0	252	0	0	0	0	1	0	0	0	0	0	702	0	6	0	0	320	0	0	0	0	0	0	0	0	0	0	0	0	61	0	0	60	0	0	0	0	0	0	0	2	0	0	0	0	0	0	0	0	1	0	0	0	0	0	189	1	Bacteria;Bacteroidetes;Bacteroidia;Bacteroidales;Bacteroidaceae;Bacteroides;
OTU_44	0	0	0	0	0	69	36	0	0	75	61	0	1	2	0	49	73	27	704	0	541	0	3	0	1	0	716	5	0	0	52	0	0	0	0	0	0	0	0	111	10	0	0	0	0	0	0	11	0	1	483	0	82	400	0	126	0	74	20	0	496	0	91	0	82	0	0	0	0	0	0	0	0	0	181	139	0	0	63	0	0	28	0	1	0	99	38	0	0	0	0	3	0	73	52	257	49	1	0	91	0	0	0	Bacteria;Bacteroidetes;Bacteroidia;Bacteroidales;Porphyromonadaceae;Parabacteroides;
OTU_45	0	0	0	0	0	8	0	0	0	0	0	0	0	0	0	0	0	20	3	0	0	34	173	4	0	16	0	28	0	29	68	8	0	0	0	0	0	0	84	3	0	30	0	0	0	0	0	12	1	43	57	5	24	0	0	0	52	4	15	0	0	0	0	0	2	23	0	80	0	0	0	44	12	0	0	0	0	42	42	32	0	3	72	0	0	0	0	0	0	0	0	0	0	13	5	0	0	5	11	0	0	0	0	Bacteria;Firmicutes;Clostridia;Clostridiales;Ruminococcaceae;
OTU_46	26	1	0	351	129	0	27	9	20	0	0	0	42	5	110	0	19	0	0	0	0	0	0	0	0	0	20	0	1	0	0	0	0	3	2	0	13	1	32	0	33	0	26	7	0	4	2	0	0	0	0	0	4	0	27	1	0	0	0	2	1	0	0	10	1	0	0	1	3	5	12	0	0	10	15	0	0	0	0	0	0	0	82	53	21	0	2	22	13	0	3	37	2	0	0	0	0	9	22	0	127	0	74	Bacteria;Firmicutes;Clostridia;Clostridiales;Clostridiaceae 1;Clostridium sensu stricto 1;
OTU_47	0	0	0	0	0	0	0	0	0	0	0	0	1	0	0	0	0	58	1	0	0	0	74	0	0	0	0	29	0	0	0	0	0	0	0	0	0	124	0	0	0	0	0	0	0	0	0	0	0	0	0	0	0	369	0	0	0	0	114	0	0	0	0	0	0	49	0	0	0	0	0	0	0	0	0	0	0	0	0	0	0	100	0	0	0	0	0	0	0	0	0	0	0	55	0	0	0	0	1	0	0	0	0	Bacteria;Firmicutes;Clostridia;Clostridiales;Ruminococcaceae;
OTU_48	197	151	10	34	198	0	259	49	37	0	11	269	135	0	3	27	184	23	10	93	273	16	2	14	1	0	75	0	437	7	72	14	48	51	58	0	1000	113	339	0	42	0	5	219	10	42	0	795	10	5	29	96	16	0	0	331	94	7	4	417	300	3	29	99	12	27	46	160	0	797	16	30	6	162	276	32	41	113	0	39	23	17	317	1	0	12	641	84	0	0	710	588	46	153	12	3	0	0	6	65	252	325	0	Bacteria;Actinobacteria;Actinobacteria;Bifidobacteriales;Bifidobacteriaceae;Bifidobacterium;
OTU_49	83	17	1	81	130	1	81	6	28	33	4	1	19	2	26	2	33	12	24	9	36	3	12	4	16	0	5	0	7	1	1	9	7	49	4	44	76	9	72	4	17	37	0	100	2	6	21	4	2	1	11	2	7	16	50	59	6	1	4	6	12	1	17	15	0	2	0	0	27	48	1	11	50	15	14	3	12	3	0	7	0	1	23	2	158	1	0	1	19	197	93	106	10	1	0	1	2	3	1	1	131	50	39	Bacteria;Firmicutes;Negativicutes;Selenomonadales;Veillonellaceae;Veillonella;
OTU_50	3	0	1	222	1	3	1	2	3	3	8	1	1	0	2	3	3	3	5	6	18	3	30	1	0	2	0	0	7	0	6	0	0	2	12	10	0	0	6	0	0	5	4	10	6	8	2	0	2	3	12	0	2	4	1	2	0	0	0	3	53	27	6	1	0	2	0	0	2	28	19	9	1	16	9	1	4	3	0	9	0	0	1	0	1	9	20	0	0	497	19	6	0	2	0	1	1	12	0	0	189	3	5	Bacteria;Firmicutes;Bacilli;Lactobacillales;Streptococcaceae;Streptococcus;
OTU_51	0	0	0	0	0	51	0	0	0	86	99	0	0	0	0	0	0	48	0	0	0	0	21	4	0	11	0	0	0	37	0	0	0	0	0	0	0	0	0	3	0	0	0	0	0	0	0	8	0	0	19	0	52	0	0	0	0	8	0	1	0	0	0	0	162	0	0	0	0	0	0	0	0	31	0	81	97	0	7	1	0	0	0	0	0	24	7	0	0	0	0	0	0	0	0	0	29	0	0	0	0	0	0	Bacteria;Bacteroidetes;Bacteroidia;Bacteroidales;Rikenellaceae;Alistipes;
OTU_52	0	1	0	1	0	0	0	0	0	0	0	0	8	0	379	1	0	0	1	0	1	0	0	0	0	0	0	0	0	0	0	2	0	0	0	0	0	0	0	0	0	0	12	0	0	0	5	0	0	0	0	0	0	0	30	1	0	0	0	1	1	0	0	0	0	1	0	0	0	0	3	0	0	0	0	0	1	0	0	0	0	0	0	0	0	0	0	30	0	309	0	0	0	0	0	0	0	0	1	23	5	0	194	Bacteria;Firmicutes;Clostridia;Clostridiales;Clostridiaceae 1;Clostridium sensu stricto 1;
OTU_53	0	15	49	19	18	0	18	22	41	1	13	14	7	18	0	2	15	15	25	16	3	8	27	11	0	4	0	2	143	5	106	5	0	10	0	7	0	0	104	1	8	9	5	12	18	40	2	1	2	1	9	6	0	2	0	46	26	0	5	70	4	18	0	25	19	0	1	32	1	14	6	49	28	10	9	3	11	14	1	4	19	18	21	12	7	9	15	34	5	0	39	5	18	20	1	12	13	6	3	16	34	0	30	Bacteria;Actinobacteria;Coriobacteriia;Coriobacteriales;Coriobacteriaceae;Eggerthella;
OTU_54	17	0	1	6	26	0	0	19	6	0	8	4	32	9	6	2	1	2	0	0	11	0	5	2	10	0	19	0	14	1	6	0	0	2	3	1	10	3	5	1	150	1	0	6	5	5	2	1	1	3	5	2	0	1	21	22	0	2	0	2	17	15	2	15	15	2	3	15	0	12	13	2	2	0	11	8	2	2	2	13	3	0	7	6	0	4	28	39	5	1	3	8	1	0	7	2	2	7	1	16	7	4	50	Bacteria;Firmicutes;Erysipelotrichia;Erysipelotrichales;Erysipelotrichaceae;Clostridium XVIII
OTU_55	0	0	0	0	0	64	0	0	0	24	0	0	1	0	0	25	0	0	15	0	8	13	15	81	0	0	0	0	62	5	6	0	0	0	0	0	0	0	0	9	0	0	0	0	0	0	0	38	1	10	0	0	26	92	0	0	0	61	9	0	0	0	0	4	0	0	0	0	0	0	0	0	0	0	6	0	0	3	25	0	0	14	0	0	0	0	0	0	0	0	34	0	0	13	1	1	0	0	0	6	0	0	0	Bacteria;Firmicutes;Clostridia;Clostridiales;Ruminococcaceae;Oscillibacter
OTU_56	0	1	0	0	0	10	0	0	0	75	66	0	0	0	0	0	0	0	91	0	0	86	0	0	0	0	0	1	0	221	9	0	0	4	0	0	0	44	0	1	0	42	0	0	57	0	0	0	14	0	0	0	0	0	0	0	0	0	80	0	0	0	33	0	14	43	0	38	0	0	0	100	39	1	0	1	0	0	0	0	0	13	0	0	0	0	0	0	0	0	0	0	0	23	2	0	0	0	0	0	0	0	1	Bacteria;Firmicutes;Clostridia;Clostridiales;Ruminococcaceae;
OTU_57	0	0	0	2	0	312	0	23	0	0	0	0	0	0	0	1	0	11	14	0	0	43	11	58	0	7	0	0	0	0	0	0	0	26	0	0	0	0	0	0	0	0	0	1	30	5	0	0	0	14	0	0	54	8	0	0	0	0	72	0	0	0	0	0	0	0	0	0	0	0	0	0	0	0	9	0	0	0	0	0	0	0	0	0	0	22	0	25	0	0	0	19	0	0	0	1	0	6	0	1	0	0	0	Bacteria;Firmicutes;Negativicutes;Selenomonadales;Veillonellaceae;Dialister
OTU_58	3	0	0	0	1	0	0	0	11	1	27	0	0	0	0	0	0	0	0	0	0	0	8	0	0	2	0	1	0	15	0	0	0	0	69	0	0	0	0	43	0	0	0	0	0	9	0	0	0	99	0	0	73	0	0	0	0	30	35	0	0	0	0	0	0	42	0	0	0	46	83	0	0	0	0	41	0	0	0	0	94	2	0	0	0	0	0	0	21	0	0	14	0	7	6	0	0	0	1	17	6	0	0	Bacteria;Proteobacteria;Betaproteobacteria;Burkholderiales;Sutterellaceae;Sutterella
OTU_60	0	0	0	0	0	318	0	0	0	0	0	0	0	0	0	0	0	1	0	0	0	0	12	0	0	16	0	0	0	45	0	0	0	0	0	0	0	0	0	0	0	0	0	0	0	1	0	0	2	0	0	0	0	0	0	0	0	0	0	0	0	0	0	0	0	0	0	0	0	0	0	0	0	0	0	0	0	0	0	0	0	40	1	0	0	0	0	0	0	0	0	0	0	0	27	0	0	1	0	0	0	0	0	Bacteria;Firmicutes;Clostridia;Clostridiales;Ruminococcaceae;
OTU_62	0	0	0	0	0	0	0	0	0	0	0	0	0	0	0	0	0	0	0	0	0	0	0	0	0	0	0	112	0	0	0	1	0	0	0	0	0	0	0	0	0	0	0	0	0	0	0	0	0	0	0	0	0	0	0	0	0	10	0	0	0	0	0	0	0	448	0	0	0	0	0	0	0	0	0	0	0	175	0	0	0	0	0	0	0	0	0	0	0	0	0	0	0	0	0	0	0	0	1	0	0	0	0	Bacteria;Firmicutes;Clostridia;Clostridiales;Ruminococcaceae;Ruminococcus
OTU_63	0	0	0	0	0	0	0	0	0	0	0	132	0	0	0	0	0	0	0	0	0	0	0	0	0	0	0	25	66	0	0	0	0	0	0	0	0	0	0	0	0	0	0	0	0	0	4	0	0	0	0	0	0	0	0	0	26	0	0	0	0	0	0	0	0	0	0	0	0	0	0	74	41	0	0	0	0	0	0	0	0	0	0	0	0	0	0	0	0	0	0	0	0	0	0	0	0	0	0	0	0	0	0	Bacteria;Firmicutes;Clostridia;Clostridiales;Lachnospiraceae;Clostridium XlVb
OTU_64	0	0	0	0	0	0	0	0	0	0	0	0	0	0	0	0	0	0	0	0	0	0	0	0	0	0	0	0	0	0	0	0	0	0	0	0	0	0	0	0	0	0	0	0	0	0	0	0	0	0	0	0	0	0	0	0	0	0	0	0	0	0	0	0	0	0	0	0	0	437	0	0	0	0	0	0	0	0	0	0	0	0	0	0	0	0	0	0	0	0	0	0	0	0	0	0	0	0	0	0	0	0	0	Bacteria;Bacteroidetes;Bacteroidia;Bacteroidales;Porphyromonadaceae;Parabacteroides
OTU_65	16	0	0	2	12	2	9	11	4	0	3	0	26	6	4	2	16	0	0	2	10	1	2	0	0	0	0	0	3	0	5	0	19	0	6	11	70	31	29	0	13	0	0	18	3	4	0	2	3	0	8	7	1	4	6	21	15	0	1	4	6	26	2	9	2	6	2	40	21	17	0	8	1	0	9	10	0	1	1	6	14	1	15	9	0	4	25	37	0	0	1	19	0	0	1	0	5	4	6	7	0	0	30	Bacteria;Firmicutes;Erysipelotrichia;Erysipelotrichales;Erysipelotrichaceae;Erysipelotrichaceae_incertae_sedis
OTU_66	14	8	0	0	3	0	2	0	1	0	0	0	21	0	3	0	0	0	0	0	0	5	15	3	0	0	15	0	0	0	0	0	272	5	0	1	0	27	4	1	11	0	11	0	0	2	0	0	1	1	0	0	0	0	0	0	30	1	0	1	0	0	3	36	1	1	1	12	0	0	9	0	0	0	0	0	6	0	1	4	0	0	0	0	0	34	1	4	1	3	0	0	0	1	0	0	3	1	0	0	1	5	93	Bacteria;Firmicutes;Clostridia;Clostridiales;Clostridiaceae 1;Clostridium sensu stricto
OTU_67	0	0	0	6	0	0	0	0	0	165	0	0	0	0	0	0	0	0	0	0	0	0	0	0	0	0	0	0	0	0	0	0	0	0	183	0	0	0	0	258	0	0	0	0	0	0	0	0	0	0	0	0	0	0	0	0	0	0	0	0	0	0	348	0	0	0	0	0	0	2	0	0	0	0	1	154	0	0	0	0	0	0	0	106	0	141	0	0	0	0	0	0	0	0	0	0	0	0	0	0	0	327	0	Bacteria;Bacteroidetes;Bacteroidia;Bacteroidales;Bacteroidaceae;Bacteroides
OTU_68	0	0	0	0	0	0	1	0	0	9	0	0	0	0	0	0	1	0	0	0	0	0	1	106	0	1	0	0	1	0	0	0	0	0	0	1	0	0	0	4	0	4	0	0	8	0	0	3	0	39	0	0	84	182	0	0	0	0	0	0	0	0	1	0	0	0	0	0	0	0	0	0	0	0	0	0	51	0	0	0	0	0	0	2	0	0	0	0	0	0	0	0	0	3	0	0	0	0	0	0	0	0	0	Bacteria;Firmicutes;Clostridia;Clostridiales;Ruminococcaceae;
OTU_69	0	0	0	0	1	0	0	0	0	256	180	0	0	0	0	0	0	4	0	0	0	0	0	0	0	0	0	0	0	0	0	0	0	0	0	0	0	0	0	0	0	0	0	0	0	0	0	0	0	0	0	0	0	0	0	0	0	0	0	0	0	0	0	0	0	0	0	0	0	0	0	0	0	0	0	0	0	0	0	0	0	0	0	0	0	0	0	0	0	0	0	0	0	0	0	0	0	0	0	0	0	0	0	Bacteria;Firmicutes;Clostridia;Clostridiales;Ruminococcaceae;
OTU_70	0	8	0	6	24	9	81	111	33	5	13	13	70	15	0	1	0	6	14	0	46	10	1	2	16	0	9	2	118	1	5	1	1	0	8	510	570	0	184	7	128	19	0	47	7	124	22	0	3	0	11	83	9	42	540	53	0	6	7	856	0	44	18	2	51	11	0	0	223	135	10	87	18	9	30	0	24	6	3	0	31	1	1	11	4	44	33	0	0	0	65	7	0	1	1	20	32	27	0	7	29	1	31	Bacteria;Firmicutes;Clostridia;Clostridiales;Lachnospiraceae;Clostridium XlVa
OTU_71	0	0	0	0	0	66	0	0	0	0	0	0	0	0	0	0	0	5	0	0	9	3	1	166	74	0	0	9	0	30	0	0	0	1	0	0	0	2	0	0	0	9	0	0	322	0	0	1	0	0	2	0	19	0	0	0	21	11	0	0	0	0	0	1	0	0	5	25	0	0	0	0	191	0	0	0	177	224	0	0	10	0	363	0	87	7	0	0	0	0	0	0	0	0	0	0	0	0	0	0	0	0	0	Bacteria;Firmicutes;Clostridia;Clostridiales;Lachnospiraceae;
OTU_72	0	0	0	0	0	0	0	0	10	1	0	0	27	0	1	0	0	0	4	0	0	0	0	44	0	0	0	0	0	0	0	0	0	0	0	0	0	0	0	0	0	0	0	0	0	0	0	0	0	0	0	0	0	0	0	0	12	0	0	0	0	0	1	0	0	0	0	0	0	0	0	24	51	0	0	0	51	0	32	0	0	0	0	32	7	0	0	23	0	0	68	0	0	0	0	1	0	1	0	0	0	0	51	Bacteria;Proteobacteria;Betaproteobacteria;Burkholderiales;Sutterellaceae;Sutterella
OTU_73	0	0	0	0	0	25	0	0	0	11	0	0	0	0	0	0	0	0	0	0	0	76	120	0	0	0	0	102	0	0	0	0	0	0	0	0	0	0	0	1	0	0	0	0	0	0	0	0	1	0	0	0	0	6	0	0	0	0	40	0	0	0	0	0	0	0	0	0	0	0	0	0	0	0	0	1	0	0	7	0	0	10	0	0	0	0	0	0	0	0	0	0	0	0	0	0	0	0	0	0	0	0	0	Bacteria;Firmicutes;Clostridia;Clostridiales;Lachnospiraceae;Lachnospiracea_incertae_sedis
OTU_74	0	0	0	0	0	0	0	0	0	0	0	0	0	0	0	0	0	0	0	0	0	0	0	0	0	0	0	0	0	0	0	0	0	0	0	0	0	0	0	0	0	0	0	0	17	0	0	0	0	0	0	0	48	0	0	0	0	0	0	0	0	0	0	0	0	0	0	0	0	0	0	0	0	1	0	30	0	0	0	0	0	0	0	0	0	0	212	0	0	0	0	0	0	0	0	0	0	0	0	0	0	0	0	Bacteria;Firmicutes;Clostridia;Clostridiales;Lachnospiraceae;Clostridium XlVb
OTU_75	0	0	0	0	0	0	0	0	0	0	0	0	0	0	0	0	0	0	261	0	0	0	0	0	0	0	0	0	0	0	0	0	0	0	0	0	0	0	0	0	0	0	0	0	0	0	0	0	0	0	0	0	23	0	0	0	0	0	0	0	0	0	0	0	25	0	0	0	0	0	0	0	0	0	0	0	0	0	0	0	0	8	0	0	0	0	0	0	0	0	0	1	0	0	0	0	21	0	0	1	0	0	0	Bacteria;Proteobacteria;Alphaproteobacteria;Rhodospirillales;Rhodospirillaceae;Thalassospira;
OTU_76	0	0	0	0	0	0	4	0	0	0	0	0	0	0	0	0	0	0	0	0	0	0	1	3	0	0	0	2	0	1	0	0	1	0	0	0	0	0	0	0	0	1	0	0	1	0	0	0	0	0	0	0	253	0	0	0	0	0	0	0	0	0	0	0	0	1	1	0	0	0	0	0	0	0	0	0	0	0	0	5	17	0	0	0	0	0	0	0	0	0	0	0	0	0	0	0	0	0	0	0	0	0	0	Bacteria;Firmicutes;Clostridia;Clostridiales;Lachnospiraceae;Lachnospira;
OTU_77	0	0	0	1	0	0	0	155	0	0	0	0	0	32	0	66	0	0	0	0	0	68	26	0	0	0	0	0	147	0	0	0	0	0	0	0	0	0	0	1	100	0	0	1	0	0	42	0	72	0	0	9	0	0	0	88	0	0	0	76	0	0	34	0	77	0	0	0	42	0	0	0	0	106	16	11	0	0	0	0	0	0	0	0	0	61	0	0	0	0	0	0	0	0	0	50	37	0	0	0	0	0	0	Bacteria;Proteobacteria;Betaproteobacteria;Burkholderiales;Alcaligenaceae;Parasutterella;
OTU_78	1	0	0	0	0	1	0	0	0	48	0	0	0	0	0	0	0	7	56	0	2	0	15	0	0	9	0	0	0	98	0	0	0	18	0	0	0	0	0	11	0	0	0	0	0	5	0	0	0	19	0	0	0	15	0	0	0	0	0	0	0	0	1	0	1	0	0	0	0	0	0	62	0	0	0	1	1	0	5	0	0	5	0	0	0	0	1	1	0	0	0	0	2	0	0	0	0	0	0	0	0	0	0	Bacteria;Firmicutes;Clostridia;Clostridiales;Lachnospiraceae;
OTU_79	0	0	0	0	0	27	0	0	0	0	0	0	0	0	0	0	0	20	0	0	0	3	15	26	0	17	0	1	0	0	0	0	0	0	0	0	0	0	0	0	0	0	0	0	0	0	0	4	0	0	0	0	0	0	0	0	2	0	0	0	0	0	0	67	0	0	0	0	0	0	0	0	1	0	0	0	80	0	0	0	0	0	0	0	0	0	0	0	0	0	0	0	0	0	0	0	0	0	10	0	0	0	0	Bacteria;Firmicutes;Clostridia;Clostridiales;Ruminococcaceae;Clostridium IV
OTU_80	0	0	0	0	0	0	0	0	0	0	0	0	0	0	0	0	0	0	0	0	0	0	0	0	0	0	0	1	0	0	0	0	0	0	0	0	0	0	0	0	0	0	0	0	0	0	0	0	0	0	0	0	29	0	0	0	0	0	0	0	0	0	0	0	0	0	0	0	0	0	0	0	0	0	0	0	0	1	0	0	0	0	0	0	0	0	0	1	0	405	0	0	0	0	0	0	0	0	0	0	0	0	0	Bacteria;Fusobacteria;Fusobacteriia;Fusobacteriales;Fusobacteriaceae;Fusobacterium
OTU_81	0	0	0	0	0	56	0	0	0	0	0	0	0	0	0	0	0	0	0	0	0	0	99	0	0	3	0	8	0	0	0	0	0	0	0	0	0	0	0	21	0	0	0	1	0	0	0	0	0	0	0	0	0	0	0	0	0	0	66	0	0	0	0	0	0	0	0	0	0	0	0	0	0	0	0	0	0	0	26	72	0	4	0	0	0	0	0	0	0	0	0	0	0	0	0	0	0	0	0	0	0	0	0	Bacteria;Firmicutes;Clostridia;Clostridiales;Lachnospiraceae;Roseburia;
OTU_82	0	0	0	0	0	0	0	0	3	0	0	0	89	0	0	0	0	0	0	0	0	2	0	0	4	0	0	0	30	0	0	0	0	0	0	0	0	0	0	0	0	7	0	0	16	0	0	0	0	0	0	0	199	12	0	0	0	0	0	42	0	0	0	0	0	0	7	0	0	0	0	0	34	0	0	0	0	0	0	0	2	0	0	0	0	0	0	0	0	0	0	0	0	0	0	0	0	0	0	1	0	0	0	Bacteria;Firmicutes;Clostridia;Clostridiales;Ruminococcaceae;Butyricicoccus;
OTU_83	0	1	10	0	0	142	26	3	0	0	1	2	0	3	1	0	1	0	0	6	0	9	2	0	1	0	31	0	1	0	16	0	9	21	0	12	8	96	0	1	0	0	0	0	0	0	0	15	2	1	0	0	0	0	41	0	4	0	1	2	14	16	7	2	0	1	3	7	17	0	0	1	0	0	1	0	0	0	0	0	13	1	0	0	0	11	185	1	0	6	0	0	0	30	7	63	0	59	0	0	1	0	0	Bacteria;Proteobacteria;Gammaproteobacteria;Enterobacteriales;Enterobacteriaceae;Enterobacter;
OTU_84	0	0	0	0	0	135	0	0	0	0	0	0	0	0	0	0	0	0	0	0	0	0	0	0	0	0	0	0	0	100	0	0	0	0	0	0	0	0	0	0	0	0	0	0	0	0	0	0	0	0	0	0	0	0	0	0	0	0	0	0	0	0	0	0	0	0	0	0	0	0	0	0	0	0	0	0	0	0	0	0	0	0	0	0	0	0	0	0	0	0	0	0	0	0	0	0	0	0	0	0	0	0	0	Bacteria;Firmicutes;Clostridia;Clostridiales;Ruminococcaceae;Ruminococcus;
OTU_85	0	0	0	0	0	30	0	0	0	0	0	0	0	0	0	0	0	0	0	0	0	0	0	0	0	0	0	0	0	0	0	0	0	0	0	0	0	0	0	674	0	0	0	0	0	0	0	0	0	0	0	0	0	53	0	0	0	0	0	0	0	0	0	0	0	0	0	0	0	0	0	0	0	0	0	1	0	0	0	0	0	0	0	0	0	1	30	0	0	0	0	0	0	0	0	0	0	0	0	0	0	0	0	Bacteria;Bacteroidetes;Bacteroidia;Bacteroidales;Prevotellaceae;Prevotella;
OTU_86	0	40	0	0	0	20	0	0	0	14	0	0	0	0	0	0	0	0	0	0	0	14	8	0	0	12	0	40	0	8	13	0	21	0	0	0	0	48	0	5	0	0	0	0	13	0	0	0	0	0	0	0	0	0	0	1	0	2	0	0	25	0	0	101	4	0	0	0	0	0	0	0	0	0	0	1	0	56	0	43	0	5	0	0	0	1	0	0	0	0	0	0	0	5	25	1	0	0	0	0	0	0	0	Bacteria;Firmicutes;Clostridia;Clostridiales;Ruminococcaceae;Butyricicoccus
OTU_87	0	0	0	0	0	0	0	0	0	0	0	0	0	0	180	0	0	0	0	0	0	0	0	1	0	0	2	0	0	0	0	0	0	0	0	0	0	0	0	0	0	0	0	0	0	0	0	3	0	0	0	0	0	0	0	0	0	0	0	0	0	21	0	0	0	0	0	0	0	1	0	0	0	0	0	0	0	0	0	0	0	0	0	0	0	0	0	0	0	0	0	0	0	0	0	0	0	0	0	0	0	0	0	Bacteria;Firmicutes;Clostridia;Clostridiales;Lachnospiraceae;Clostridium XlVa
OTU_88	0	0	0	0	0	0	0	0	0	0	0	0	0	0	0	0	188	0	0	0	0	257	0	0	0	0	0	0	0	0	0	0	0	0	0	0	0	0	0	0	0	0	0	0	0	0	0	0	0	0	0	0	0	0	0	0	0	0	0	0	0	0	0	0	0	0	0	0	0	0	0	0	0	0	0	0	0	0	0	0	0	1	0	0	0	0	0	0	0	0	0	0	0	0	0	0	0	0	0	0	0	0	0	Bacteria;Firmicutes;Bacilli;Lactobacillales;Lactobacillaceae;Lactobacillus
OTU_89	0	0	0	0	0	0	0	0	0	0	0	0	0	0	0	0	0	0	0	0	1	0	0	0	0	0	0	0	0	0	0	0	0	0	0	0	0	0	0	0	0	0	0	0	0	0	0	0	0	0	0	0	1	0	0	0	0	0	0	0	0	0	0	0	0	0	0	0	0	0	0	0	0	0	0	0	0	0	0	0	0	0	0	0	0	0	0	0	0	0	0	0	0	0	0	0	0	0	0	1	252	163	0	Bacteria;Bacteroidetes;Bacteroidia;Bacteroidales;Bacteroidaceae;Bacteroides
OTU_90	0	0	0	0	0	2	0	0	1	2	6	6	0	0	0	0	0	3	8	0	2	2	1	5	0	2	0	1	0	0	0	0	0	0	0	0	0	0	0	0	0	7	0	0	11	1	0	0	0	5	0	12	0	43	0	0	0	9	5	0	0	3	0	0	0	0	0	1	0	4	0	0	4	0	0	0	0	0	0	0	8	10	0	0	0	0	0	12	0	0	8	0	0	0	1	0	0	0	0	0	0	0	0	Bacteria;Firmicutes;Clostridia;Clostridiales;Ruminococcaceae;Anaerotruncus
OTU_91	0	0	0	0	0	0	0	0	0	98	0	0	0	0	0	0	0	0	0	0	0	0	0	2	0	0	0	0	0	0	0	0	0	0	0	0	0	0	0	20	0	0	0	0	0	0	0	44	0	0	0	0	0	0	0	0	0	0	1	0	0	0	0	0	0	0	0	0	0	0	0	0	2	0	0	1	0	0	0	1	0	1	0	1	0	0	0	0	0	0	0	0	0	0	0	0	1	0	0	0	0	0	0	Bacteria;Firmicutes;Clostridia;Clostridiales;Ruminococcaceae;Clostridium IV
OTU_92	0	0	0	0	0	0	0	0	0	29	45	7	0	0	0	0	0	0	0	0	0	0	0	0	0	0	0	0	0	0	0	0	0	0	0	0	0	0	0	0	0	0	0	0	0	0	0	0	0	0	0	0	0	0	0	0	0	0	0	0	0	0	0	0	55	0	0	0	0	0	0	0	0	0	0	45	0	0	0	0	41	0	0	0	0	0	0	0	0	0	0	0	0	0	0	0	14	0	0	0	0	0	0	Bacteria;Firmicutes;Negativicutes;Selenomonadales;Acidaminococcaceae;Phascolarctobacterium
OTU_94	0	1	0	0	0	5	0	0	0	0	0	0	0	0	0	0	0	0	0	0	0	0	23	0	0	0	0	136	0	464	0	0	0	0	0	0	0	1	0	0	0	0	0	0	0	0	0	0	1	0	0	0	1	0	0	0	0	3	0	0	0	0	0	0	0	0	0	0	0	0	0	72	0	0	0	0	0	0	0	0	0	0	0	0	0	0	0	0	0	0	0	0	0	0	0	0	0	0	0	0	0	0	0	Bacteria;Firmicutes;Clostridia;Clostridiales;Lachnospiraceae;Coprococcus
OTU_95	0	0	0	0	0	0	0	0	0	1	0	26	0	0	0	0	0	0	0	0	0	0	0	96	0	0	19	0	0	0	0	0	0	0	0	0	0	3	0	0	0	0	0	0	0	0	0	0	17	0	0	0	0	1	0	0	0	0	0	0	0	0	0	0	0	0	0	0	0	0	0	0	0	0	0	0	0	0	0	0	0	0	0	0	0	0	0	0	0	0	0	0	0	0	0	0	0	0	0	0	0	0	0	Bacteria;Firmicutes;Clostridia;Clostridiales;Ruminococcaceae;
OTU_96	0	0	0	0	0	0	0	0	0	0	0	0	0	0	0	0	0	0	0	0	0	0	0	0	0	0	0	0	0	0	0	0	0	0	0	0	0	0	0	0	0	0	0	0	0	0	0	0	0	0	0	0	0	0	0	0	0	0	0	0	0	0	29	0	0	0	0	0	0	0	0	0	0	0	0	0	0	0	0	0	0	0	0	0	0	0	0	165	0	0	0	0	0	0	0	0	0	0	0	0	0	0	0	Bacteria;Firmicutes;Clostridia;Clostridiales;Lachnospiraceae;
OTU_97	0	0	0	0	0	25	0	0	0	2	17	0	0	0	0	0	0	0	0	0	0	0	0	30	0	0	23	0	0	0	0	0	2	0	0	0	0	0	0	1	0	58	0	0	32	0	41	0	0	0	0	0	9	0	0	0	0	4	0	0	0	0	0	0	0	0	0	0	0	0	0	2	16	0	0	0	0	23	0	0	0	0	0	1	0	0	0	0	0	0	0	0	0	0	0	0	37	0	0	0	0	0	0	Bacteria;Firmicutes;Clostridia;Clostridiales;Lachnospiraceae;
OTU_98	0	0	0	0	0	0	0	0	0	0	0	0	0	0	0	0	0	0	0	0	0	0	0	0	0	0	32	0	0	0	0	0	0	0	0	0	0	0	0	0	0	0	0	0	0	0	0	0	0	0	0	0	0	0	0	0	0	0	0	0	0	0	0	92	0	0	0	0	0	0	0	0	0	0	0	0	0	0	0	0	0	0	0	0	0	0	0	0	0	0	0	0	0	0	0	0	0	0	0	0	0	0	0	Bacteria;Firmicutes;Clostridia;Clostridiales;Lachnospiraceae;
OTU_99	0	0	0	0	0	0	0	19	0	0	0	0	0	0	0	0	0	0	0	0	0	0	0	0	0	0	0	0	0	0	0	0	0	0	0	51	0	0	0	0	0	0	57	0	0	0	0	0	0	0	0	0	0	0	0	0	0	0	0	0	0	0	0	0	0	2	0	0	0	0	0	0	4	0	0	0	0	0	0	0	0	0	60	0	0	0	0	0	0	0	0	0	37	0	0	0	8	0	0	0	0	0	0	Bacteria;Firmicutes;Negativicutes;Selenomonadales;Veillonellaceae;Veillonella
OTU_100	0	0	0	3	0	0	0	4	5	0	0	2	0	0	0	0	5	0	0	0	0	0	0	0	0	0	0	0	0	0	0	0	4	0	0	0	4	0	24	0	0	1	0	0	0	18	0	0	0	0	0	0	0	0	1	0	0	0	0	0	0	0	0	1	0	1	0	0	31	0	3	0	0	0	0	0	0	2	0	0	0	0	0	3	0	0	0	0	0	0	0	103	0	0	0	0	0	1	0	0	0	0	0	Bacteria;Actinobacteria;Actinobacteria;Bifidobacteriales;Bifidobacteriaceae;Bifidobacterium
OTU_101	0	0	0	0	0	1	0	0	0	0	24	0	0	0	0	0	0	0	0	0	0	0	0	31	0	0	0	0	0	0	0	0	0	0	0	0	0	0	0	0	0	0	0	0	0	0	0	0	0	0	0	0	0	0	0	0	0	0	0	0	0	0	0	0	0	0	0	0	0	0	0	0	0	0	0	0	0	0	0	0	0	30	0	0	0	0	0	0	0	0	18	0	0	0	0	0	0	6	0	0	0	0	0	Bacteria;Firmicutes;Clostridia;Clostridiales;Ruminococcaceae;
OTU_102	0	0	0	0	0	0	0	0	0	0	0	0	0	0	0	0	0	0	0	0	0	0	0	146	0	0	0	0	0	0	0	0	0	0	0	0	0	0	0	0	0	0	0	0	0	0	0	0	0	0	0	0	0	0	0	0	0	0	0	0	0	0	0	0	0	0	0	0	0	0	0	0	3	0	0	0	0	0	0	0	0	0	0	0	0	0	0	0	0	0	0	0	0	0	0	0	0	0	0	0	0	0	0	Bacteria;Firmicutes;Clostridia;Clostridiales;Ruminococcaceae;
OTU_103	12	0	0	2	15	1	1	3	0	0	1	2	5	2	22	7	1	2	0	1	10	4	24	0	0	0	1	0	0	23	0	0	3	2	0	1	0	1	0	3	3	0	0	99	3	0	2	0	8	0	5	0	2	0	0	8	2	0	1	0	29	1	4	11	6	1	0	1	1	0	30	0	6	0	0	3	0	3	10	39	1	0	4	3	1	0	0	2	4	105	2	0	0	1	7	14	0	0	0	0	16	1	0	Bacteria;Proteobacteria;Gammaproteobacteria;Pasteurellales;Pasteurellaceae;Haemophilus
OTU_104	0	0	0	0	0	0	0	0	0	0	0	0	0	0	0	0	0	0	0	0	0	0	0	0	0	0	0	0	0	0	0	0	0	0	0	0	0	0	0	84	0	0	0	0	0	0	0	0	0	0	0	0	213	0	0	0	0	0	0	0	0	0	0	0	0	0	0	0	0	0	0	0	0	0	0	0	0	33	0	0	0	0	0	0	0	0	0	0	0	0	0	0	0	0	0	0	0	0	0	0	0	0	0	Bacteria;Firmicutes;Negativicutes;Selenomonadales;Veillonellaceae;Megamonas
OTU_105	0	0	0	0	0	79	0	0	0	0	0	0	0	0	0	0	0	0	0	0	0	0	4	0	0	4	0	0	0	0	0	0	0	0	0	0	0	0	0	0	0	0	0	0	16	0	0	0	0	0	0	0	0	0	0	0	0	0	0	0	0	0	0	0	0	0	0	0	0	0	0	0	0	0	0	0	0	0	0	0	0	0	0	0	0	0	0	0	0	0	0	0	0	0	0	0	0	0	0	0	0	0	0	Bacteria;Firmicutes;Clostridia;Clostridiales;Ruminococcaceae;
OTU_109	0	0	0	0	0	0	0	0	0	2	9	0	0	0	0	0	6	5	0	6	0	0	0	0	0	2	0	0	54	0	0	0	0	0	0	0	0	0	0	0	0	0	0	0	0	13	0	0	0	0	0	1	0	14	0	5	0	0	2	0	17	0	10	0	0	0	7	0	0	0	0	4	0	0	0	0	0	0	2	0	0	0	0	5	0	8	0	0	0	0	0	0	0	0	2	6	0	15	0	0	0	0	0	Bacteria;Proteobacteria;Deltaproteobacteria;Desulfovibrionales;Desulfovibrionaceae;Bilophila
OTU_110	0	0	0	0	0	108	0	0	0	0	0	0	0	0	0	59	0	45	0	9	0	0	0	0	0	0	0	0	0	0	0	0	0	0	0	0	0	0	0	0	0	0	0	0	0	0	0	29	0	59	0	23	0	0	0	0	0	0	0	0	0	0	0	0	0	0	0	0	0	0	0	0	0	0	0	0	0	0	0	0	0	0	0	0	0	13	0	0	0	0	0	0	0	0	0	0	0	0	0	0	0	0	0	Bacteria;Bacteroidetes;Bacteroidia;Bacteroidales;Porphyromonadaceae;Barnesiella
OTU_111	0	0	0	0	0	0	0	0	0	6	0	0	0	0	0	0	0	0	0	0	0	0	2	6	0	0	0	0	0	18	0	0	0	0	0	0	0	0	0	0	0	0	0	0	0	0	0	0	0	0	0	0	0	0	0	0	56	0	0	0	0	0	0	22	0	5	0	0	0	0	0	0	0	0	0	0	0	1	4	0	0	0	0	0	0	0	0	0	0	0	0	0	0	0	0	0	0	0	0	0	0	0	0	Bacteria;Firmicutes;Clostridia;Clostridiales;Ruminococcaceae;Clostridium IV
OTU_113	0	0	0	0	0	3	0	0	0	0	0	0	0	0	0	0	0	0	0	0	0	0	0	0	0	0	0	0	0	4	0	3	0	0	0	0	0	0	0	0	0	0	0	0	0	0	0	0	0	0	0	0	0	2	0	0	0	0	0	0	0	0	0	0	0	0	0	0	0	0	0	0	0	0	0	0	0	0	0	0	94	0	0	0	0	0	0	0	0	0	0	0	0	0	0	0	0	0	0	0	0	0	0	Bacteria;Firmicutes;Clostridia;Clostridiales;Ruminococcaceae;Clostridium IV
OTU_114	0	0	0	0	0	1	0	0	0	11	0	0	0	0	0	0	0	0	0	0	0	2	5	0	0	0	0	1	0	20	0	0	0	0	0	0	0	0	0	0	0	0	0	0	0	0	0	0	0	0	0	0	0	0	0	0	69	0	0	0	0	0	0	0	0	0	0	0	0	0	0	0	0	0	0	0	0	0	0	0	0	16	0	0	0	0	0	0	0	0	0	0	0	0	6	0	0	0	0	0	0	0	0	Bacteria;Firmicutes;Clostridia;Clostridiales;Ruminococcaceae;Oscillibacter
OTU_115	2	11	2	0	2	1	0	4	0	0	0	48	0	2	41	0	11	0	0	7	0	5	1	0	2	0	51	0	8	0	10	2	8	1	0	0	15	3	49	0	11	0	11	4	0	2	1	13	1	1	3	4	0	0	20	0	20	1	0	9	4	0	0	18	0	5	1	4	2	0	4	37	1	4	0	0	1	0	1	0	1	0	0	1	44	5	17	1	31	12	2	5	27	0	1	0	0	0	0	7	62	1	6	Bacteria;Firmicutes;Bacilli;Lactobacillales;Enterococcaceae;Enterococcus
OTU_116	11	0	0	0	0	0	0	0	0	0	0	0	0	0	1	0	0	0	0	0	0	0	0	0	0	0	1	0	1	0	0	0	66	0	0	0	0	35	0	0	0	0	0	0	0	0	0	0	0	0	0	0	0	0	0	0	0	0	0	0	0	0	0	0	0	0	0	0	0	0	0	0	0	0	0	0	1	0	0	0	0	0	0	0	0	0	0	0	5	0	0	0	0	0	0	0	0	0	2	0	0	0	0	Bacteria;Firmicutes;Clostridia;Clostridiales;Lachnospiraceae;Epulopiscium;
OTU_117	0	0	0	0	0	0	0	0	0	63	0	0	0	0	0	0	0	0	0	0	0	0	0	0	0	0	0	0	0	0	0	0	0	0	0	0	0	0	0	0	0	0	0	0	0	0	0	0	0	0	0	0	0	0	0	0	0	0	0	0	0	0	0	0	0	0	0	0	0	0	0	0	0	0	0	0	0	0	0	0	0	0	0	0	0	0	0	0	0	0	0	0	0	0	0	0	0	0	0	0	0	0	0	Bacteria;Firmicutes;Clostridia;Clostridiales;Ruminococcaceae;Ruminococcus;
OTU_118	0	0	0	0	0	0	0	0	0	0	0	0	1	0	0	0	0	0	0	0	3	0	0	0	0	0	0	0	0	0	0	0	0	0	0	0	0	0	0	0	0	0	0	0	0	0	0	0	12	0	0	0	76	0	0	0	0	0	0	0	0	0	0	0	0	0	0	0	0	0	0	0	0	0	0	0	11	0	0	0	0	0	0	0	0	0	0	0	0	0	0	0	0	0	0	0	0	1	0	0	0	0	1	Bacteria;Firmicutes;Clostridia;Clostridiales;Lachnospiraceae;Coprococcus;
OTU_119	0	0	0	0	0	44	0	0	1	0	0	0	0	0	0	0	0	0	70	0	0	26	0	0	0	1	0	0	0	27	0	0	0	0	0	0	0	0	0	19	0	0	0	0	0	0	0	0	0	0	0	0	0	0	0	0	0	0	0	0	0	0	0	0	0	0	0	0	0	0	0	0	0	0	0	0	0	0	73	0	0	0	0	0	0	0	0	0	0	0	0	0	0	0	0	0	0	0	0	0	0	0	0	Bacteria;Firmicutes;Clostridia;Clostridiales;Ruminococcaceae;uncultured;
OTU_121	0	0	0	0	0	0	0	0	0	15	0	0	0	0	0	0	0	0	0	30	0	0	0	0	0	0	0	0	0	0	0	0	0	0	0	0	0	0	0	0	0	0	0	0	0	0	0	0	0	0	0	0	0	0	0	0	0	0	0	0	0	0	0	0	0	0	0	0	0	289	0	0	0	0	0	0	0	0	0	0	0	0	0	0	0	0	0	0	0	0	0	0	0	0	0	0	0	0	0	0	0	0	0	Bacteria;Bacteroidetes;Bacteroidia;Bacteroidales;Bacteroidaceae;Bacteroides;
OTU_122	0	0	0	0	0	5	0	0	0	42	68	0	0	3	0	9	0	2	80	0	0	0	1	0	0	1	0	2	20	1	0	1	0	0	0	10	0	0	0	9	0	0	0	179	39	1	0	1	0	29	0	7	84	2	0	0	0	111	13	7	26	0	49	0	40	0	23	0	0	130	0	98	33	4	0	83	0	1	9	0	0	1	1	0	0	9	8	0	0	0	1	0	0	0	1	5	37	7	0	2	0	0	0	Bacteria;Bacteroidetes;Bacteroidia;Bacteroidales;Bacteroidaceae;Bacteroides;
OTU_123	0	0	0	0	0	0	0	1	0	0	19	0	0	0	0	0	0	0	0	0	0	0	0	0	0	0	0	0	0	0	0	0	0	0	0	0	0	0	0	0	0	0	0	0	0	0	0	24	0	0	0	0	0	3	0	0	0	0	0	0	0	0	0	0	0	0	0	0	0	0	1	0	0	0	0	0	4	0	0	0	0	0	0	0	0	18	0	0	0	0	0	0	0	0	0	0	0	8	0	0	0	0	0	Bacteria;Firmicutes;Clostridia;Clostridiales;Eubacteriaceae;Eubacterium;
OTU_124	0	0	0	0	0	0	0	0	0	6	0	0	0	1	0	25	0	0	0	0	50	0	0	496	0	0	0	0	0	0	0	0	0	0	0	0	0	0	0	13	0	0	42	0	0	0	0	0	0	0	0	17	0	2	0	0	0	40	0	0	0	0	0	0	17	0	0	0	0	0	0	0	0	0	0	50	0	0	1	0	0	0	0	0	0	0	0	0	0	0	0	0	0	0	13	0	9	0	0	0	0	0	0	Bacteria;Bacteroidetes;Bacteroidia;Bacteroidales;Rikenellaceae;Alistipes;
OTU_125	0	0	0	0	0	13	0	0	0	0	0	0	0	0	0	0	0	0	0	0	0	0	0	0	0	0	0	0	0	0	0	0	0	0	0	0	0	77	0	0	0	0	0	0	0	0	0	0	0	0	0	0	0	0	0	0	0	0	0	0	0	0	0	0	0	0	0	0	0	0	0	0	0	0	0	0	0	0	0	0	0	2	0	0	0	0	0	0	0	0	0	0	0	0	0	0	0	0	0	0	0	0	0	Bacteria;Firmicutes;Clostridia;Clostridiales;Ruminococcaceae;uncultured;
OTU_127	0	0	0	0	0	0	0	0	0	0	0	0	0	0	0	0	0	0	0	0	0	0	0	1	0	0	0	0	0	0	0	0	0	0	0	0	1	1	0	0	0	0	0	0	0	5	0	0	0	0	0	0	0	0	0	0	0	0	0	0	0	0	0	0	0	0	0	0	0	0	0	0	0	0	0	0	0	0	0	0	0	0	0	0	0	0	0	51	0	0	1	0	0	0	0	0	0	0	0	0	0	0	2	Bacteria;Firmicutes;Clostridia;Clostridiales;Lachnospiraceae;Anaerosporobacter;
OTU_128	0	0	0	0	0	0	0	0	0	0	0	0	0	0	0	0	0	1	3	0	0	0	1	0	0	0	0	0	18	0	0	0	0	0	0	15	234	0	0	0	1	0	0	0	0	0	0	4	0	0	1	8	0	0	0	0	0	0	2	0	1	512	20	0	5	0	0	0	0	18	63	0	0	1	1	32	0	0	0	0	0	0	0	0	0	0	0	61	0	0	0	0	0	0	0	0	0	0	2	0	0	0	0	Bacteria;Firmicutes;Clostridia;Clostridiales;Lachnospiraceae;Robinsoniella;
OTU_129	0	0	0	2	0	2	41	0	101	7	0	0	0	0	0	0	83	19	113	0	0	0	1	0	0	0	0	2	0	0	0	2	0	0	1	1	0	0	117	11	0	0	0	170	0	0	0	24	0	0	0	20	0	1	0	0	0	76	1	0	1	0	35	0	0	0	58	0	0	0	0	68	0	0	0	66	0	0	20	1	0	54	0	1	0	0	0	0	0	0	250	0	0	1	54	304	9	0	0	0	0	0	0	Bacteria;Bacteroidetes;Bacteroidia;Bacteroidales;Bacteroidaceae;Bacteroides;
OTU_130	0	0	0	0	0	2	0	0	0	3	0	0	0	0	0	0	0	0	0	0	8	0	0	0	0	0	0	0	0	0	0	0	0	0	0	0	0	0	0	0	0	0	0	0	0	0	0	23	0	0	0	28	0	13	0	0	0	0	0	0	0	0	11	0	0	30	0	0	0	0	0	0	0	0	0	2	0	0	0	0	0	0	0	0	0	0	0	0	0	0	0	0	0	0	0	0	0	0	1	0	0	0	0	Bacteria;Actinobacteria;Coriobacteriia;Coriobacteriales;Coriobacteriaceae;uncultured;
OTU_131	0	0	0	0	0	0	0	0	0	0	0	0	0	0	0	0	0	0	0	0	0	0	0	0	0	0	0	0	0	0	0	0	0	0	0	0	0	0	0	29	0	0	0	0	17	0	0	0	0	0	0	0	0	0	0	0	0	0	0	0	0	0	0	0	0	0	0	0	0	0	0	0	36	0	0	0	0	0	0	0	0	0	0	0	0	0	0	0	0	0	0	0	0	0	0	0	0	0	0	0	0	0	0	Bacteria;Firmicutes;Clostridia;Clostridiales;Ruminococcaceae;Oscillospira;
OTU_132	0	0	0	0	0	44	0	0	0	1	0	0	0	0	0	0	0	0	0	0	0	0	0	0	0	0	0	0	0	0	0	0	0	0	0	0	0	0	0	0	0	0	0	0	0	0	0	0	0	0	0	0	0	0	0	0	0	0	0	0	0	0	0	0	0	0	0	0	0	0	0	0	0	0	0	2	0	0	0	0	0	0	0	0	0	1	0	0	0	0	0	0	0	0	0	0	0	0	0	0	0	0	0	Bacteria;Bacteroidetes;Bacteroidia;Bacteroidales;Rikenellaceae;Alistipes;
OTU_133	0	0	0	0	0	0	0	0	0	0	0	0	0	0	0	0	0	0	0	0	0	0	29	0	0	29	0	0	0	0	0	0	0	0	0	0	0	0	0	0	0	0	0	0	0	0	0	0	0	0	0	0	0	0	0	0	0	0	0	0	0	0	0	0	0	0	0	0	0	0	0	0	0	0	0	0	0	0	0	0	0	0	0	0	0	0	0	0	0	0	0	0	0	0	0	0	0	0	0	0	0	0	0	Bacteria;Firmicutes;Clostridia;Clostridiales;Ruminococcaceae;uncultured;
OTU_134	0	0	0	0	0	0	0	0	0	0	0	0	0	0	0	0	0	2	0	0	0	0	0	0	0	0	0	0	0	0	0	0	0	0	0	0	0	0	0	0	0	0	0	0	0	0	0	24	0	0	0	74	0	0	0	0	0	0	0	0	3	0	0	0	0	0	0	0	0	0	0	0	0	0	0	0	0	0	0	0	0	0	0	0	0	0	0	0	0	0	0	0	0	0	0	0	0	0	0	0	0	0	0	Bacteria;Bacteroidetes;Bacteroidia;Bacteroidales;Rikenellaceae;Alistipes;
OTU_135	0	0	0	0	0	20	0	0	0	0	0	0	0	0	0	0	0	0	0	0	0	0	0	0	0	0	0	0	0	0	0	0	0	0	0	0	0	0	0	0	0	0	0	0	0	0	0	40	0	0	0	0	0	0	0	0	0	0	0	0	0	0	15	0	0	0	0	0	0	0	0	0	0	0	0	0	0	0	0	0	0	0	0	0	0	0	0	0	0	0	0	0	0	0	20	0	0	0	0	0	0	0	0	Bacteria;Firmicutes;Erysipelotrichia;Erysipelotrichales;Erysipelotrichaceae;Incertae Sedis;
OTU_136	0	0	0	0	0	6	210	0	9	15	0	0	0	0	0	0	0	0	24	0	43	32	22	0	17	2	22	66	0	48	0	4	23	0	0	0	0	38	0	0	0	55	0	0	9	0	32	0	0	0	0	0	0	1	0	0	20	16	4	0	0	0	0	64	0	25	37	3	0	0	0	0	0	1	0	0	24	1	17	176	0	2	0	0	0	76	0	0	1	0	0	0	0	8	2	0	0	0	0	0	1	0	0	Bacteria;Firmicutes;Clostridia;Clostridiales;Lachnospiraceae;Lachnospira;
OTU_137	0	0	0	0	0	0	0	0	0	0	0	0	0	0	0	0	0	0	0	0	0	0	0	0	0	0	0	0	0	0	0	0	0	0	1	0	0	0	0	0	0	0	0	0	1	0	0	0	0	0	0	0	0	1	9	0	0	0	0	0	0	0	0	0	0	0	0	1	81	74	0	0	5	0	0	0	0	0	0	0	0	0	0	0	0	0	0	0	0	0	0	0	0	0	0	3	0	0	0	0	0	0	0	Bacteria;Firmicutes;Clostridia;Clostridiales;Lachnospiraceae;Blautia;
OTU_140	0	0	0	0	0	0	0	0	0	0	0	0	0	0	0	0	0	0	0	0	0	0	1	0	0	0	0	0	0	54	0	0	0	0	0	0	0	0	0	0	0	0	0	0	0	0	0	0	0	0	0	0	0	0	0	0	0	0	0	0	0	0	0	0	0	0	0	0	0	0	0	0	0	0	0	0	0	0	0	0	0	0	0	0	0	0	0	0	0	0	0	0	0	0	0	0	0	0	0	0	0	0	0	Bacteria;Firmicutes;Clostridia;Clostridiales;Ruminococcaceae;
OTU_141	0	0	0	0	0	0	0	0	0	0	0	0	0	0	0	0	0	0	12	0	0	15	11	0	0	11	0	0	0	0	0	0	0	0	0	0	0	0	0	0	0	0	0	0	0	0	0	0	0	0	0	0	0	0	0	0	0	0	38	0	0	0	0	0	0	0	0	0	0	0	0	0	0	0	0	0	0	0	0	0	0	0	0	0	0	0	0	0	0	0	0	0	0	0	0	0	0	0	0	0	0	0	0	Bacteria;Firmicutes;Clostridia;Clostridiales;Ruminococcaceae;Ruminococcus
OTU_143	0	0	0	0	1	0	0	0	0	0	0	0	0	0	17	1	0	0	0	0	0	3	0	0	0	1	0	0	0	0	0	0	0	0	0	0	0	0	0	0	0	0	0	0	0	7	0	0	1	0	0	0	0	0	0	0	0	0	0	0	0	0	0	0	0	0	0	0	0	0	0	0	0	0	1	0	0	0	0	0	0	0	0	0	0	1	0	0	5	44	0	0	0	0	0	0	0	0	0	0	0	0	6	Bacteria;Firmicutes;Clostridia;Clostridiales;Clostridiaceae 1;Clostridium sensu stricto
OTU_144	0	0	0	0	0	0	0	0	0	51	0	0	0	0	0	0	0	0	0	0	0	0	0	0	0	0	0	0	0	0	0	0	0	0	0	0	0	0	0	0	0	0	0	0	0	0	0	0	0	0	0	0	0	0	0	0	0	0	0	0	0	0	0	0	0	0	0	0	0	0	0	0	0	0	0	0	0	0	0	0	0	0	0	0	0	0	0	0	0	0	0	0	0	0	0	0	0	0	0	0	0	0	0	Bacteria;Bacteroidetes;Bacteroidia;Bacteroidales;Porphyromonadaceae;Barnesiella
OTU_145	0	0	0	0	0	0	0	0	0	0	0	0	0	0	0	0	0	0	0	0	0	0	26	0	0	16	0	0	0	0	0	0	0	0	0	0	0	0	0	0	0	0	0	0	0	0	0	0	0	0	0	0	0	0	0	0	0	0	0	0	0	0	0	0	0	0	0	0	0	0	0	0	0	0	0	0	0	0	0	0	0	0	0	0	0	0	0	0	0	0	0	0	0	0	0	0	0	0	0	0	0	0	0	Bacteria;Firmicutes;Clostridia;Clostridiales;;
OTU_146	0	0	0	0	0	0	0	0	0	0	0	0	0	0	0	0	0	0	0	0	0	0	0	0	0	0	0	0	0	0	0	0	0	0	0	0	0	0	0	0	0	0	0	0	0	0	0	0	0	0	0	0	52	0	0	0	0	0	0	0	0	0	0	0	0	0	0	0	0	0	0	0	0	0	0	0	0	0	0	0	0	0	0	0	0	0	0	0	0	0	0	0	0	0	0	0	0	0	0	0	0	0	0	Bacteria;Fusobacteria;Fusobacteriia;Fusobacteriales;Fusobacteriaceae;Fusobacterium;
OTU_147	0	0	0	0	0	0	0	0	0	0	0	0	0	0	2	0	0	0	0	0	0	0	0	0	0	0	0	0	0	0	0	0	0	0	0	0	0	0	0	0	0	0	0	0	0	0	0	0	0	0	0	0	0	0	0	0	0	0	0	0	0	0	0	0	0	0	0	0	0	0	0	0	0	0	0	0	0	0	0	0	0	0	0	0	31	0	0	0	1	0	0	0	0	0	0	0	0	0	0	0	0	0	0	Bacteria;Firmicutes;Clostridia;Clostridiales;Lachnospiraceae;Clostridium XlVb
OTU_148	0	0	0	0	0	1	0	0	0	0	0	0	0	0	0	0	0	0	0	0	0	0	1	0	0	0	0	0	0	0	0	0	0	0	0	0	0	0	0	0	0	0	0	0	0	0	0	0	2	0	0	0	0	0	0	0	0	0	1	0	0	0	0	0	0	0	0	0	0	0	0	0	4	0	0	0	0	0	0	0	0	0	0	0	0	0	0	0	0	35	0	0	0	0	0	0	0	0	0	1	0	0	0	Bacteria;Firmicutes;Clostridia;Clostridiales;Ruminococcaceae;Butyricicoccus
OTU_149	0	0	0	0	0	43	0	0	0	0	0	0	0	0	0	0	0	0	0	0	0	0	0	0	0	0	0	0	0	0	0	0	0	0	0	0	0	10	0	0	0	0	0	0	0	0	0	0	0	0	0	0	0	0	0	0	0	0	0	0	0	0	0	0	0	0	0	0	0	0	0	0	0	0	0	0	0	0	0	0	0	0	0	0	0	0	0	0	0	0	0	0	0	0	0	0	0	0	0	0	0	0	0	Bacteria;Firmicutes;Clostridia;Clostridiales;Ruminococcaceae;uncultured;
OTU_150	0	0	0	0	0	57	0	0	0	21	0	0	0	0	0	0	0	0	0	0	0	0	0	0	0	0	0	1	0	0	0	0	0	0	0	0	0	0	0	0	0	0	0	0	0	0	0	0	0	0	0	0	0	0	0	0	0	0	0	0	0	0	0	0	0	0	0	0	0	0	0	0	0	0	0	0	0	0	0	0	0	0	0	0	0	0	0	0	0	0	0	0	0	0	0	0	0	0	0	0	0	0	0	Bacteria;Firmicutes;Clostridia;Clostridiales;Lachnospiraceae;Clostridium XlVb
OTU_151	0	0	0	0	0	0	0	0	0	0	0	0	0	0	0	0	0	0	0	0	2	1	0	26	0	0	0	0	0	0	0	0	0	0	0	0	0	0	0	0	12	0	0	0	0	13	0	0	0	0	0	0	0	0	0	0	0	0	0	0	0	0	0	0	0	0	0	0	0	0	0	0	0	0	0	0	0	0	0	0	0	0	0	0	0	1	0	0	0	0	0	0	0	0	0	0	0	0	0	0	0	0	0	Bacteria;Firmicutes;Clostridia;Clostridiales;Ruminococcaceae;Clostridium IV
OTU_153	0	0	0	0	0	0	0	0	0	0	0	0	0	0	0	0	0	0	0	0	0	0	0	0	0	0	0	0	0	0	0	0	0	0	0	0	0	0	0	0	0	0	0	0	0	0	0	0	0	0	0	0	0	0	0	0	0	0	0	0	0	0	0	0	0	0	0	0	0	0	0	0	0	0	0	0	0	0	0	0	0	0	0	0	0	0	0	0	35	0	0	0	78	0	0	0	0	0	0	0	0	0	0	Bacteria;Firmicutes;Bacilli;Lactobacillales;Lactobacillaceae;Lactobacillus
OTU_154	0	0	0	0	0	0	0	0	0	0	0	0	0	0	0	0	0	0	0	0	0	0	0	0	0	0	0	0	0	0	0	0	0	0	0	0	0	0	0	0	0	0	0	0	0	0	0	0	0	0	0	0	0	0	0	0	0	0	0	0	0	0	0	0	0	0	0	0	0	0	0	0	0	0	0	0	0	81	0	0	0	0	0	0	0	0	0	0	0	0	0	0	0	0	0	0	0	0	0	0	0	0	0	Bacteria;Actinobacteria;Actinobacteria;Coriobacteriales;Coriobacteriaceae;Collinsella
OTU_155	0	0	0	18	0	0	5	1	0	0	0	0	0	0	0	0	6	0	0	0	0	0	0	0	0	0	0	0	1	0	0	1	0	0	0	0	0	0	11	0	0	0	0	3	0	5	1	0	0	0	0	4	0	0	0	7	1	0	0	0	0	0	0	1	0	8	0	0	0	0	0	36	0	3	0	0	0	0	0	0	0	0	0	0	124	0	0	0	4	4	10	13	18	0	0	0	0	0	0	0	13	0	0	Bacteria;Firmicutes;Negativicutes;Selenomonadales;Veillonellaceae;Megasphaera
OTU_156	0	0	0	0	0	0	0	5	0	0	4	0	0	0	0	0	0	0	0	0	0	0	0	0	0	0	0	0	0	0	0	0	4	16	0	0	0	0	0	0	0	3	13	0	0	0	0	0	0	0	0	1	0	0	0	0	0	0	6	38	0	0	0	0	0	0	0	0	0	0	0	0	0	0	0	0	0	0	0	0	0	0	0	0	0	0	0	4	0	0	0	0	0	0	0	0	0	0	0	0	0	0	0	Bacteria;Firmicutes;Clostridia;Clostridiales;Ruminococcaceae;Clostridium IV
OTU_159	0	0	0	23	0	0	0	0	0	0	0	0	0	0	0	0	0	0	0	0	0	0	0	0	0	0	0	0	0	0	0	0	0	0	0	0	0	0	0	0	0	0	0	0	0	0	0	0	0	0	0	0	0	0	0	0	0	0	0	0	0	0	0	0	0	0	0	0	0	0	1	0	0	0	0	0	0	1	0	0	0	0	0	0	0	0	0	0	66	0	0	0	0	0	0	0	0	0	0	0	0	0	7	Bacteria;Firmicutes;Bacilli;Lactobacillales;Lactobacillaceae;Lactobacillus
OTU_162	4	0	0	0	0	5	0	0	0	1	0	0	1	0	0	0	0	0	0	0	0	0	11	0	0	0	0	15	0	29	0	0	0	0	0	0	0	0	0	64	0	0	0	0	0	3	0	4	0	0	0	0	0	4	0	0	0	4	7	0	0	1	0	0	0	0	0	0	0	1	0	0	0	0	1	0	0	0	0	2	0	7	0	0	0	0	0	0	0	0	0	0	1	0	0	0	0	0	0	0	0	0	0	Bacteria;Firmicutes;Clostridia;Clostridiales;Lachnospiraceae;Clostridium XlVa
OTU_164	0	0	0	0	0	17	0	0	0	0	0	0	0	0	0	0	0	0	0	0	0	1	0	0	0	0	0	0	0	0	0	0	0	0	0	0	0	0	0	2	1	0	0	0	0	0	0	0	0	0	0	0	0	0	0	0	0	0	0	0	0	0	0	0	0	0	0	0	0	0	1	0	0	0	5	2	0	0	0	0	0	43	0	0	0	2	0	0	0	0	0	0	0	0	0	0	0	0	0	0	0	0	0	Bacteria;Bacteroidetes;Bacteroidia;Bacteroidales;Rikenellaceae;Alistipes
OTU_165	0	0	0	0	0	0	0	0	0	0	0	0	0	0	0	0	0	0	0	0	0	0	0	0	0	0	0	0	0	0	0	0	0	0	0	0	0	0	0	0	0	0	0	0	0	0	0	0	0	0	0	0	0	0	0	0	0	0	0	0	0	0	0	0	0	0	0	0	0	0	0	0	0	0	0	0	0	0	0	0	0	0	0	0	0	0	0	0	0	0	0	0	0	0	0	0	0	57	0	0	0	0	0	Bacteria;Firmicutes;Negativicutes;Selenomonadales;Acidaminococcaceae;Acidaminococcus
OTU_167	0	0	0	0	0	0	0	0	0	0	0	0	1	0	0	0	0	0	0	0	0	0	281	0	0	0	0	0	0	0	0	0	0	0	0	0	0	17	0	0	0	0	0	0	0	0	41	0	0	0	0	0	0	0	0	0	0	0	0	0	0	0	0	0	0	184	0	0	0	0	0	0	0	0	0	0	0	0	0	0	0	0	0	0	0	0	0	0	0	0	0	0	0	0	0	0	0	0	0	0	0	0	366	Bacteria;Firmicutes;Clostridia;Clostridiales;Lachnospiraceae;
OTU_168	0	0	0	0	0	20	10	0	0	0	28	0	0	0	0	0	9	8	0	0	0	0	0	0	0	0	0	0	0	0	0	0	0	0	0	0	0	0	0	30	0	0	0	0	0	0	0	0	0	0	0	0	0	0	0	0	0	0	0	1	0	0	0	0	0	0	0	0	0	0	0	0	0	0	0	0	0	0	8	0	0	0	0	0	0	20	0	0	0	0	0	0	0	0	0	0	0	0	0	0	0	0	0	Bacteria;Bacteroidetes;Bacteroidia;Bacteroidales;Porphyromonadaceae;Butyricimonas
OTU_169	0	0	0	0	190	15	0	0	0	14	32	30	0	0	150	70	0	51	0	0	4	0	13	0	0	6	0	30	0	65	3	0	0	0	0	0	0	0	0	25	0	0	0	0	2	0	0	1	0	0	0	2	0	0	0	0	80	0	0	0	0	0	0	0	27	0	212	0	0	0	0	0	0	1	2	0	1	0	45	226	0	8	0	0	0	0	0	1	0	0	0	0	0	35	10	0	1	11	0	0	0	0	0	Bacteria;Firmicutes;Clostridia;Clostridiales;Lachnospiraceae;
OTU_170	0	0	0	0	0	0	0	0	0	0	0	0	0	0	0	0	0	0	0	0	0	0	0	0	0	0	0	0	0	0	0	0	0	0	0	36	0	0	0	0	0	0	0	0	2	0	0	0	0	0	0	0	0	0	0	0	0	0	0	0	0	0	0	0	0	0	0	0	0	0	0	0	0	0	0	0	0	0	0	0	0	0	0	0	0	0	0	0	0	0	0	0	0	0	0	0	0	0	0	0	0	0	0	Bacteria;Firmicutes;Clostridia;Clostridiales;Lachnospiraceae;Coprococcus;
OTU_171	0	0	11	0	0	0	0	0	0	0	0	0	0	0	0	0	0	0	0	1	0	0	0	0	0	0	0	0	0	0	0	0	0	0	0	0	0	0	0	0	0	0	3	0	0	0	0	0	0	0	0	0	0	0	0	0	0	0	0	0	0	0	0	24	0	2	0	0	0	0	0	1	0	0	0	0	0	0	0	0	0	0	0	0	38	0	0	0	0	0	0	0	0	0	0	0	0	0	0	0	0	0	0	Bacteria;Firmicutes;Bacilli;Lactobacillales;Lactobacillaceae;Lactobacillus;
OTU_176	0	0	0	0	0	0	0	0	0	0	0	0	0	0	0	0	0	0	0	0	0	0	0	0	0	0	0	44	0	0	0	0	0	0	0	0	0	0	0	0	0	0	0	0	0	0	0	0	0	0	0	0	0	0	0	0	0	0	0	0	0	0	18	0	0	0	0	0	0	0	0	0	0	0	0	0	0	0	0	0	0	0	0	0	0	0	0	0	0	0	0	0	0	0	0	0	0	0	0	0	0	0	0	Bacteria;Actinobacteria;Actinobacteria;Coriobacteriales;Coriobacteriaceae;
OTU_177	0	0	0	0	0	0	0	0	0	0	0	0	0	0	0	0	0	0	0	57	0	0	0	0	0	0	0	0	0	0	0	0	0	0	0	0	0	0	0	0	0	0	0	0	0	0	0	0	0	0	0	0	0	0	0	0	0	0	0	0	0	0	0	0	0	0	0	0	0	0	0	0	0	0	0	0	0	0	0	0	0	0	0	0	0	0	0	0	0	0	0	0	0	0	0	0	0	0	0	0	0	0	0	Bacteria;Proteobacteria;Betaproteobacteria;Burkholderiales;Sutterellaceae;Parasutterella
OTU_178	0	0	0	0	0	0	0	0	0	0	0	0	0	0	0	0	0	0	0	0	0	0	0	0	0	0	0	0	0	0	0	0	0	0	0	0	0	0	0	0	0	0	0	0	0	0	0	0	0	0	0	0	0	0	0	0	0	0	0	0	0	0	0	0	0	0	0	0	0	0	0	0	0	0	0	0	0	0	0	0	0	0	0	0	0	0	0	0	0	38	0	0	0	0	0	0	0	0	0	0	0	0	0	Bacteria;Firmicutes;Clostridia;Clostridiales;Peptostreptococcaceae;Clostridium XI
OTU_188	1	0	0	4	2	1	0	0	0	0	1	0	1	1	1	0	1	1	1	1	1	0	9	0	1	1	0	0	0	0	0	0	5	0	0	0	1	1	0	0	1	0	1	1	0	1	0	3	0	0	1	2	0	0	0	0	1	0	0	0	0	1	1	0	1	0	0	0	0	1	0	0	0	1	0	0	0	1	0	1	0	0	0	0	1	0	1	0	1	65	1	0	0	1	0	0	0	0	0	0	7	0	5	Bacteria;Firmicutes;Bacilli;Lactobacillales;Streptococcaceae;Streptococcus
OTU_189	0	0	0	0	0	0	0	0	0	0	0	0	0	0	0	0	0	0	0	0	0	0	0	0	0	0	0	0	0	0	0	0	0	0	0	0	0	0	0	0	0	0	0	0	0	0	0	0	0	0	0	0	0	0	0	0	0	0	0	0	0	0	0	0	0	0	0	0	0	0	0	0	0	0	0	0	0	0	0	4	0	0	0	0	30	0	0	0	0	0	0	0	0	0	0	0	0	0	0	0	0	0	0	Bacteria;Firmicutes;Clostridia;Clostridiales;Ruminococcaceae;Acetanaerobacterium
OTU_190	0	57	0	0	0	0	0	0	0	0	0	0	0	0	0	0	0	0	0	0	0	0	0	0	0	0	0	0	0	0	0	0	0	0	0	0	1	3	0	0	0	0	0	0	0	0	0	0	0	0	0	0	0	0	0	0	0	0	0	0	1	0	0	0	0	0	0	2	0	0	0	0	0	0	0	0	0	0	0	0	0	0	0	0	0	0	0	0	0	0	0	0	0	0	0	0	0	0	0	0	0	0	0	Bacteria;Proteobacteria;Gammaproteobacteria;Enterobacteriales;Enterobacteriaceae;Proteus
OTU_195	0	0	0	0	0	0	0	0	0	0	0	0	0	0	0	0	0	0	0	0	37	0	1	0	0	0	0	0	0	0	0	0	0	0	0	0	0	0	0	0	0	0	0	0	0	0	0	0	0	0	0	0	0	0	0	0	0	0	0	0	0	0	0	0	0	0	0	0	0	0	0	0	0	0	0	0	0	0	0	0	0	0	0	0	0	0	0	0	0	0	0	0	0	0	0	0	0	0	0	0	0	0	0	Bacteria;Bacteroidetes;Bacteroidia;Bacteroidales;Rikenellaceae;Rikenella
OTU_201	0	0	0	0	0	0	0	0	0	0	0	0	0	0	0	0	0	0	0	0	0	0	0	0	0	0	0	0	0	0	0	0	0	0	0	0	0	0	2	0	0	0	0	0	0	1	35	0	0	0	0	0	0	0	0	0	0	0	0	0	0	0	0	0	0	0	0	0	0	0	0	2	0	0	0	0	0	0	0	0	0	0	0	0	0	0	0	0	0	0	0	1	0	0	0	0	0	0	0	0	0	0	0	Bacteria;Bacteroidetes;Bacteroidia;Bacteroidales;Prevotellaceae;Prevotella
OTU_202	0	0	0	0	0	0	0	0	0	0	0	0	0	0	0	0	0	0	0	0	0	0	4	0	0	1	0	0	0	0	0	0	0	0	0	0	0	0	0	0	0	0	0	0	0	0	1	0	0	0	0	37	197	0	0	0	0	2	0	0	0	0	1	0	0	0	0	0	0	0	0	0	0	0	0	0	0	0	1	0	0	0	0	0	0	46	0	0	0	0	0	0	0	0	0	0	0	0	0	0	0	1	0	Bacteria;Bacteroidetes;Bacteroidia;Bacteroidales;Bacteroidaceae;Bacteroides
OTU_212	0	0	0	0	0	107	0	0	0	0	0	0	0	0	0	0	0	0	0	0	0	0	21	0	0	30	0	0	0	0	0	0	0	0	0	0	0	0	0	0	0	0	0	0	0	0	0	0	0	0	0	0	0	0	0	0	0	0	0	0	0	0	0	0	0	0	0	0	0	0	0	0	0	0	0	0	0	0	0	0	0	0	0	0	0	0	0	0	0	0	0	0	0	0	0	0	0	0	0	0	0	0	0	Bacteria;Firmicutes;Clostridia;Clostridiales;Lachnospiraceae;Lachnospiracea_incertae_sedis
OTU_213	0	0	0	0	0	0	0	0	0	0	0	0	0	0	0	0	0	0	0	0	0	0	0	0	0	0	0	0	0	0	0	0	0	0	0	0	0	0	0	0	0	0	0	0	30	0	0	0	0	0	0	0	0	0	0	1	0	0	0	0	0	0	0	0	0	0	0	0	0	0	0	0	0	0	0	0	0	0	0	0	0	11	0	0	0	0	0	0	0	0	0	0	0	0	0	0	0	0	0	0	0	0	0	Bacteria;Firmicutes;Clostridia;Clostridiales;Lachnospiraceae;Coprococcus;
OTU_217	0	0	0	1	0	1	3	0	0	0	0	0	0	2	0	0	0	0	0	0	0	8	2	0	0	0	25	0	0	0	4	0	0	9	1	5	34	1	0	1	1	1	0	0	0	0	0	0	0	0	0	0	0	0	4	0	0	0	0	2	1	7	0	11	0	0	2	5	0	0	0	0	0	0	0	0	2	0	0	0	0	0	0	0	2	12	5	1	0	1	0	0	0	0	0	3	0	70	0	0	0	1	0	Bacteria;Proteobacteria;Gammaproteobacteria;Enterobacteriales;Enterobacteriaceae;Citrobacter;
OTU_236	0	0	0	0	0	0	0	0	0	0	0	0	0	0	0	0	0	0	0	0	0	0	0	0	0	0	0	0	0	0	0	0	0	0	0	0	0	0	0	0	0	0	0	0	0	0	0	0	0	0	0	0	36	0	0	0	0	0	0	0	0	0	0	0	0	0	0	0	0	0	0	0	0	0	0	0	0	0	0	0	0	0	0	0	0	0	0	0	0	0	0	0	0	0	0	0	0	0	0	0	0	0	0	Bacteria;Bacteroidetes;Bacteroidia;Bacteroidales;Porphyromonadaceae;Barnesiella
OTU_239	0	0	0	43	0	0	0	0	0	0	0	0	0	0	0	0	0	0	0	0	0	0	0	0	0	0	0	0	0	0	0	0	0	0	0	0	0	0	0	0	0	0	0	0	0	0	0	0	0	0	0	0	0	0	0	0	0	0	0	0	0	0	0	0	0	0	0	0	0	0	0	0	0	0	0	0	0	0	0	0	0	0	0	0	0	0	0	0	0	0	0	0	0	0	0	0	0	0	0	0	0	0	0	Bacteria;Proteobacteria;Betaproteobacteria;Burkholderiales;Sutterellaceae;Sutterella
OTU_268	6	0	1	7	0	0	1	10	3	0	0	7	2	0	0	12	0	0	0	0	3	0	0	1	17	1	6	1	25	0	0	0	0	0	2	54	0	0	0	2	0	9	0	0	0	82	0	4	0	0	1	0	30	12	215	0	0	0	0	0	0	111	0	0	2	0	3	13	55	18	0	4	19	0	15	0	1	0	0	2	11	0	0	0	0	0	0	0	0	0	1	16	0	0	1	0	0	13	0	3	0	0	0	Bacteria;Firmicutes;Clostridia;Clostridiales;Lachnospiraceae;Blautia
OTU_276	1	1	2	0	1	0	1	0	0	0	0	0	0	0	0	0	0	36	6	0	1	0	0	0	1	1	0	0	0	0	28	440	14	0	30	0	873	0	0	0	1	1	11	0	7	0	0	1	101	0	79	0	19	4	0	0	0	3	0	0	0	0	0	0	0	0	0	25	0	0	1	0	1	0	1	1	0	1	0	0	0	0	0	0	1	0	0	0	0	0	120	0	1	0	4	0	1	0	0	0	181	0	0	Bacteria;Actinobacteria;Actinobacteria;Bifidobacteriales;Bifidobacteriaceae;Bifidobacterium
OTU_282	0	0	0	0	0	3	0	1	1	1	0	0	0	0	0	0	0	0	0	0	0	740	89	131	0	92	0	168	0	212	0	0	0	554	0	0	0	0	0	16	0	0	0	0	314	0	0	0	0	0	0	0	221	60	0	0	0	1	151	0	0	0	0	0	0	0	0	0	0	0	0	847	49	1	0	337	1	0	0	0	0	0	0	0	0	0	0	0	1	0	0	0	35	0	0	0	0	0	0	0	0	0	0	Bacteria;Actinobacteria;Actinobacteria;Bifidobacteriales;Bifidobacteriaceae;Bifidobacterium
OTU_285	0	0	0	0	0	0	0	0	0	0	0	0	0	0	0	88	0	0	0	0	0	0	0	0	0	0	0	0	0	0	0	0	0	0	0	0	0	0	0	0	0	0	0	0	9	0	0	0	0	0	0	0	0	0	0	0	0	0	0	0	0	0	0	0	0	0	0	0	0	0	0	0	0	0	0	0	0	0	0	0	0	0	0	0	0	0	0	0	0	0	0	0	0	81	0	8	0	0	0	0	0	0	0	Bacteria;Firmicutes;Clostridia;Clostridiales;Ruminococcaceae;Ruminococcus
OTU_291	0	0	0	0	0	0	0	0	0	0	0	0	0	0	0	0	0	0	0	0	0	0	0	0	0	0	0	0	0	0	0	0	0	0	0	0	33	0	0	0	0	0	0	0	0	0	0	0	0	0	0	0	0	0	0	0	0	0	0	0	0	0	0	0	0	0	0	0	0	0	0	0	0	0	0	0	0	0	0	0	0	0	0	0	0	0	0	6	0	0	0	0	0	0	0	0	0	0	0	0	0	0	0	Bacteria;Bacteroidetes;Bacteroidia;Bacteroidales;Bacteroidaceae;Bacteroides
OTU_294	0	0	0	2	0	1	0	0	1	0	0	0	0	0	0	2	0	0	0	0	0	0	1	0	1	1	0	0	1	0	0	0	0	1	0	0	1	0	0	0	0	0	0	0	0	0	1	0	0	0	1	1	1	0	1	1	0	0	0	7	0	0	2	0	1	1	2	1	0	2	0	0	0	3	0	0	0	0	0	1	0	0	0	2	0	0	1	0	0	17	1	0	0	1	0	0	0	0	0	1	1	0	0	Bacteria;Actinobacteria;Actinobacteria;Actinomycetales;Actinomycetaceae;Actinomyces
OTU_296	0	339	421	0	0	74	85	203	99	0	75	138	329	0	0	0	0	73	12	21	7	75	113	2	0	49	163	0	0	98	150	1	12	212	0	0	0	220	135	58	0	0	99	121	0	0	0	2	356	78	1	286	0	43	0	0	164	40	59	0	109	0	312	258	216	128	175	118	0	0	314	214	0	1	419	62	4	48	4	148	0	381	0	0	0	87	0	4	2648	0	132	190	0	88	452	1	0	548	1	0	49	0	1	Bacteria;Actinobacteria;Actinobacteria;Bifidobacteriales;Bifidobacteriaceae;Bifidobacterium
OTU_306	0	0	0	0	0	44	0	0	0	0	3	0	0	0	0	3	0	2	0	0	0	3	0	89	35	0	0	4	0	17	0	0	0	0	0	0	0	1	0	0	0	5	0	0	69	0	0	0	0	0	0	0	0	0	0	0	1	4	0	0	0	0	0	0	0	0	2	15	21	14	0	0	100	0	0	0	99	108	0	0	0	0	0	0	64	3	0	0	0	0	0	0	0	0	0	0	0	0	0	0	0	0	0	Bacteria;Firmicutes;Clostridia;Clostridiales;Lachnospiraceae;Ruminococcus2
OTU_312	0	0	0	0	0	0	0	0	0	6	6	0	0	0	0	2	0	0	13	0	0	0	0	0	0	0	0	0	0	0	0	0	0	0	0	0	0	0	0	95	0	0	0	25	1	0	0	0	0	0	0	2	8	0	0	0	0	11	0	2	5	0	5	0	11	0	2	0	0	17	0	9	5	0	0	13	0	0	3	0	0	0	0	0	0	0	1	0	0	0	0	0	0	0	0	0	2	0	0	0	0	0	0	Bacteria;Bacteroidetes;Bacteroidia;Bacteroidales;Bacteroidaceae;Bacteroides
OTU_313	7	1	0	0	0	1	4	7	9	0	3	2	45	7	6	4	2	1	0	24	3	6	2	2	0	0	28	2	18	0	5	0	59	5	20	25	38	5	29	2	76	0	0	12	2	4	2	0	1	0	0	10	0	3	20	74	0	3	12	0	1	63	19	25	0	1	15	5	45	10	7	0	0	0	17	0	37	5	5	1	39	1	0	29	0	15	2	146	0	0	4	0	0	17	1	27	21	57	0	33	1	63	4	Bacteria;Firmicutes;Clostridia;Clostridiales;Peptostreptococcaceae;Clostridium XI
OTU_315	0	0	0	0	0	2	0	0	0	0	0	3	1	0	0	87	0	5	0	0	0	0	6	0	0	0	0	0	0	0	0	0	0	0	9	0	0	0	0	0	0	0	0	0	4	0	0	0	0	0	0	0	0	0	0	0	0	0	0	0	0	0	0	0	0	0	15	2	0	0	0	0	193	0	0	0	0	0	0	0	0	0	0	0	0	0	0	0	0	0	0	0	0	3	0	1	0	0	1	0	0	0	0	Bacteria;Firmicutes;Clostridia;Clostridiales;Lachnospiraceae;Blautia
OTU_323	0	0	0	0	0	0	0	0	0	11	0	0	0	0	0	0	0	0	0	0	0	18	8	1	12	0	0	0	0	7	0	0	0	0	0	0	0	0	0	0	0	7	0	0	0	1	0	0	0	0	15	0	0	0	0	0	26	0	11	0	0	0	0	0	0	9	0	0	0	0	0	0	0	0	0	0	0	0	15	52	0	0	0	0	0	0	0	0	0	0	0	0	0	0	0	0	0	0	0	0	0	0	0	Bacteria;Firmicutes;Clostridia;Clostridiales;Lachnospiraceae;
OTU_326	0	5	0	0	3	33	0	0	0	283	449	0	0	0	0	0	0	0	549	225	0	2	95	0	0	76	0	68	0	104	1	0	0	1000	0	0	0	138	1	13	1	0	0	1	0	502	402	0	457	0	696	0	0	1	0	0	78	130	472	0	0	0	390	743	0	0	230	654	0	1	0	569	0	0	199	0	2	0	0	0	0	36	0	0	0	1	0	0	0	0	0	1	0	22	1001	2	0	289	0	0	2	0	1	Bacteria;Firmicutes;Clostridia;Clostridiales;Ruminococcaceae;Faecalibacterium
OTU_328	0	0	0	0	0	0	0	0	0	0	0	0	0	0	0	0	0	1	0	0	0	0	0	0	0	0	0	61	0	14	0	0	0	0	0	0	0	0	0	0	1	209	0	0	4	0	0	0	0	0	647	0	0	0	0	0	0	0	0	0	0	0	0	0	0	0	0	0	0	0	0	0	33	0	0	0	0	0	0	0	0	0	0	0	0	0	0	0	0	0	0	0	0	0	0	0	0	0	0	0	0	0	0	Bacteria;Firmicutes;Clostridia;Clostridiales;Lachnospiraceae;
OTU_330	0	0	0	0	0	0	0	0	0	0	0	0	0	0	0	0	0	0	0	0	0	0	0	0	0	0	0	0	0	0	0	0	0	0	0	0	0	0	0	0	0	0	0	0	0	417	0	0	0	0	0	0	0	0	0	0	0	0	0	0	0	0	0	0	0	0	0	0	0	0	0	0	0	0	0	0	0	0	0	0	0	11	0	0	0	0	0	0	0	0	0	0	0	0	0	0	0	0	0	0	0	0	0	Bacteria;Bacteroidetes;Bacteroidia;Bacteroidales;Bacteroidaceae;Bacteroides
OTU_355	0	0	0	0	0	3	0	0	0	0	0	0	0	0	0	0	0	0	0	0	0	0	0	0	0	0	0	0	0	0	0	0	0	0	0	0	1	0	0	0	0	0	0	0	34	0	0	0	0	0	0	0	0	0	0	0	0	0	0	0	0	0	0	0	0	0	0	0	0	0	0	0	0	0	0	0	0	0	0	0	0	0	0	0	0	0	0	0	0	0	0	0	0	0	0	0	0	0	0	0	0	0	0	Bacteria;Firmicutes;Clostridia;Clostridiales;Lachnospiraceae;
OTU_367	0	0	0	0	0	1	0	0	0	209	8	0	0	0	0	0	0	0	0	0	0	0	2	0	0	1	0	0	0	0	0	0	0	0	0	0	0	0	0	0	0	0	0	0	0	0	0	0	0	0	0	0	0	1	0	0	0	0	0	0	0	0	0	0	0	0	0	0	0	0	0	0	0	0	0	0	0	0	0	0	1	0	0	0	0	0	0	0	0	0	0	9	0	0	0	0	0	0	0	0	0	0	0	Bacteria;Firmicutes;Clostridia;Clostridiales;Lachnospiraceae;
OTU_370	1	0	0	0	0	0	0	0	52	29	0	0	0	0	0	0	0	0	0	0	10	0	0	0	0	0	0	0	0	0	0	0	0	0	0	0	0	0	1	0	0	0	0	0	0	0	0	0	0	0	0	0	0	0	0	0	0	0	0	0	0	0	0	0	0	0	0	0	0	0	0	0	0	0	0	0	0	0	0	0	0	0	0	0	0	0	0	0	0	0	0	0	0	0	0	0	0	26	0	0	0	0	0	Bacteria;Proteobacteria;Betaproteobacteria;Burkholderiales;Sutterellaceae;Sutterella
OTU_389	0	0	11	5	0	0	73	23	0	0	1	16	0	0	0	0	0	9	1	0	0	0	0	0	0	0	0	0	0	0	0	0	0	0	0	0	0	0	0	0	0	0	0	0	0	2	5	0	3	2	2	1	0	0	0	0	1	0	0	0	0	0	0	4	0	0	0	0	0	0	0	7	0	0	0	0	0	0	0	6	0	0	0	0	1	4	0	0	239	0	6	0	7	0	0	0	0	0	7	0	41	0	0	Bacteria;Actinobacteria;Actinobacteria;Bifidobacteriales;Bifidobacteriaceae;Bifidobacterium
OTU_398	0	0	0	0	0	9	0	0	0	5	20	0	0	0	0	14	138	0	7	0	0	0	2	0	0	5	0	0	0	1	0	0	1	0	0	0	0	0	0	0	0	0	0	0	0	0	0	0	0	245	3	0	0	39	0	0	0	0	0	0	0	0	0	0	8	0	8	0	0	0	0	0	0	0	0	22	0	1	2	0	0	12	0	20	0	36	0	0	0	0	0	0	0	0	0	34	0	0	0	26	0	9	0	Bacteria;Bacteroidetes;Bacteroidia;Bacteroidales;Bacteroidaceae;Bacteroides
OTU_432	17	0	0	0	0	2	0	0	10	4	8	0	27	0	0	0	0	6	8	0	9	7	5	10	8	0	0	0	18	5	2	0	4	22	12	0	16	14	0	4	5	7	0	13	4	15	0	17	0	0	4	0	35	9	0	15	23	6	0	0	0	13	15	0	10	7	0	0	0	23	0	15	4	0	10	21	0	0	0	0	10	0	0	0	0	8	3	0	0	0	4	0	0	4	1	3	0	7	0	6	0	0	0	Bacteria;Firmicutes;Clostridia;Clostridiales;Lachnospiraceae;Clostridium XlVa
OTU_467	0	4	0	13	0	0	0	0	1	1	0	24	0	0	0	0	32	1	0	0	0	0	1	0	0	0	0	0	4	1	2	4	2	0	4	4	0	0	0	0	0	0	0	0	0	0	4	0	0	1	0	0	0	2	1	3	0	0	0	0	0	3	2	2	0	2	0	6	0	0	10	18	15	5	0	0	7	0	1	0	0	0	0	1	0	0	0	29	2	16	0	0	8	1	0	2	0	0	0	0	15	0	1	Bacteria;Firmicutes;Negativicutes;Selenomonadales;Veillonellaceae;Veillonella
OTU_523	0	2	0	0	0	0	0	0	0	106	0	0	0	0	0	0	0	0	0	0	0	0	32	0	0	0	0	60	0	0	0	0	0	0	0	0	0	131	0	0	0	0	0	0	0	0	0	0	2	0	0	0	0	0	0	0	0	0	0	0	0	0	0	1	0	0	0	0	0	0	0	0	0	0	0	0	0	0	0	0	0	0	0	1	0	0	0	0	0	0	0	0	0	0	0	1	0	0	0	0	0	0	0	Bacteria;Firmicutes;Clostridia;Clostridiales;Ruminococcaceae;Faecalibacterium
OTU_550	0	0	0	0	0	0	0	0	127	57	0	0	0	0	0	0	0	0	0	0	23	0	0	0	0	0	0	0	0	0	0	0	0	0	0	0	0	0	0	0	0	0	0	0	0	0	0	0	0	0	0	0	0	0	0	0	0	0	0	0	0	0	0	0	0	0	0	0	0	0	0	0	0	0	0	0	0	0	0	0	0	0	0	0	0	0	0	0	0	0	0	0	0	0	0	0	0	38	0	0	0	0	0	Bacteria;Proteobacteria;Betaproteobacteria;Burkholderiales;Sutterellaceae;Sutterella
OTU_560	0	0	0	0	0	0	0	64	12	0	0	0	0	0	0	73	0	0	0	0	0	0	1	0	22	0	0	0	0	0	0	0	316	1	0	0	0	16	0	0	0	0	0	0	3	17	0	0	0	21	0	28	17	0	39	0	71	0	11	0	0	1	1	0	0	0	138	138	0	0	65	0	59	2	0	127	0	36	7	0	0	0	1	0	0	0	0	58	0	0	0	0	0	22	0	0	94	184	8	0	0	0	0	Bacteria;Firmicutes;Clostridia;Clostridiales;Lachnospiraceae;Dorea
OTU_562	0	0	0	0	0	0	0	0	0	0	0	0	0	0	0	0	0	0	0	0	0	0	0	0	1	0	0	0	0	0	0	0	0	0	0	0	0	3	1	1	0	0	0	0	0	2	1	0	0	0	0	0	0	0	0	0	0	0	0	0	0	0	0	0	0	31	0	0	0	0	0	29	0	0	0	0	1	0	0	0	0	1	0	0	0	0	0	0	0	0	0	0	0	0	0	0	0	85	0	0	0	0	0	Bacteria;Firmicutes;Clostridia;Clostridiales;Lachnospiraceae;Anaerostipes
OTU_573	1	1	0	0	1	0	0	0	0	0	0	1	1	0	0	0	0	0	0	0	1	0	0	0	0	0	2	0	5	0	0	0	0	0	0	0	4	0	1	0	0	0	6	3	0	1	0	11	0	0	0	0	0	0	0	116	0	0	0	4	0	0	27	2	0	1	0	1	0	17	2	12	0	0	1	0	0	0	0	0	0	0	2	0	0	1	4	1	0	0	4	7	0	0	0	0	0	0	0	0	1	1	0	Bacteria;Actinobacteria;Actinobacteria;Bifidobacteriales;Bifidobacteriaceae;Bifidobacterium
OTU_607	0	0	0	0	0	0	0	0	0	0	0	0	0	0	0	0	0	0	0	0	0	0	0	0	0	0	0	0	0	0	0	0	0	0	0	0	0	0	0	0	0	0	0	0	0	0	0	0	0	0	0	0	0	0	0	0	0	0	0	0	0	0	0	0	0	50	0	0	0	0	0	0	0	0	0	0	0	0	0	0	0	0	0	0	0	0	0	0	0	0	0	0	0	0	0	0	0	0	1	0	0	0	0	Bacteria;Firmicutes;Clostridia;Clostridiales;Lachnospiraceae;Anaerostipes
OTU_617	0	0	0	0	0	1	0	0	0	0	0	0	0	0	0	0	0	0	0	0	0	2	0	2	0	0	0	9	0	4	0	0	0	0	0	0	0	0	0	0	0	0	0	0	0	0	0	0	0	0	111	0	0	0	0	0	0	0	0	0	0	0	0	0	0	5	1	0	0	0	0	0	0	0	0	0	0	0	0	0	0	0	0	0	0	0	0	0	0	0	0	0	0	1	0	0	0	0	0	0	0	0	0	Bacteria;Firmicutes;Clostridia;Clostridiales;Lachnospiraceae;Blautia
OTU_619	0	0	0	30	0	0	0	0	0	86	0	0	29	0	0	0	0	4	0	0	59	0	21	0	0	29	0	0	0	0	0	0	0	0	0	0	0	0	0	0	0	29	0	0	0	0	0	0	0	0	0	0	0	0	0	22	0	0	0	0	0	105	44	0	20	279	0	0	0	21	0	0	0	0	0	0	0	0	0	0	0	0	0	0	0	0	0	0	0	0	0	0	0	0	0	0	0	0	0	0	0	0	0	Bacteria;Verrucomicrobia;Verrucomicrobiae;Verrucomicrobiales;Verrucomicrobiaceae;Akkermansia
OTU_679	0	0	0	0	0	4	0	0	0	4	0	0	0	0	0	0	0	0	0	0	0	0	0	0	0	0	0	0	0	0	0	0	0	0	0	0	0	0	0	23	0	0	0	0	0	0	0	3	0	0	0	0	0	0	0	0	0	0	0	0	0	0	0	0	0	0	0	0	0	0	0	0	0	0	0	4	0	0	77	0	0	0	0	0	0	1	0	0	0	0	0	0	0	0	0	0	0	0	0	0	0	0	0	Bacteria;Bacteroidetes;Bacteroidia;Bacteroidales;Rikenellaceae;Alistipes
OTU_710	0	0	0	0	0	0	0	0	0	0	0	0	0	0	0	0	0	0	0	0	0	1	24	0	0	0	0	172	0	0	0	0	0	0	0	0	0	0	0	169	0	0	0	0	0	0	0	0	0	0	0	0	0	0	0	0	0	0	0	0	0	0	0	0	0	0	0	0	0	0	0	0	0	0	0	0	0	0	0	0	0	0	0	0	0	0	0	0	0	0	0	0	0	0	0	0	0	0	0	0	0	0	0	Bacteria;Firmicutes;Clostridia;Clostridiales;Ruminococcaceae;Subdoligranulum;
OTU_764	0	0	0	0	0	0	7	0	0	0	0	4	0	0	0	0	0	0	0	0	0	0	0	0	0	0	0	0	0	0	0	0	0	0	0	0	0	0	0	0	0	0	0	0	0	2	1	0	0	1	0	2	0	0	0	0	0	0	0	0	0	0	0	0	0	0	0	0	0	0	0	0	0	0	0	0	0	0	0	1	0	0	0	0	0	0	0	0	24	0	0	0	0	0	0	0	0	0	0	0	4	0	0	Bacteria;Actinobacteria;Actinobacteria;Bifidobacteriales;Bifidobacteriaceae;Bifidobacterium;
OTU_767	0	0	0	0	0	0	0	0	0	0	0	1	171	0	0	0	0	0	0	0	28	7	0	0	0	0	10	0	104	0	0	0	0	0	0	83	41	0	1	0	0	1	0	70	0	1	0	0	1	0	0	0	3	1	0	153	0	0	0	0	4	0	0	83	0	0	7	0	0	2	0	2	0	0	7	0	0	0	24	0	0	0	0	0	0	0	273	0	0	0	2	171	0	0	0	0	0	0	0	0	0	164	1	Bacteria;Firmicutes;Clostridia;Clostridiales;Lachnospiraceae;
OTU_827	0	0	0	0	0	5	0	0	0	0	0	0	0	0	0	0	0	0	0	0	0	4	38	0	0	2	0	11	0	0	0	0	0	0	0	0	0	0	0	3	0	0	0	0	25	0	0	0	0	0	0	0	0	0	0	64	31	0	0	0	0	0	0	0	0	0	0	0	0	0	0	0	0	0	0	0	0	0	0	54	0	8	0	0	0	0	0	0	0	0	0	0	0	0	0	0	0	0	0	0	0	0	0	Bacteria;Firmicutes;Clostridia;Clostridiales;Lachnospiraceae;Dorea
OTU_830	0	0	0	0	0	0	0	0	0	0	0	0	0	0	0	0	0	0	0	0	0	0	0	0	0	0	1	0	0	0	0	0	0	0	0	0	0	0	0	0	0	0	0	0	0	0	0	0	0	0	2	0	0	0	0	0	0	0	0	0	2	0	0	0	68	0	0	0	0	0	0	0	0	0	0	0	0	0	0	0	0	0	0	0	0	0	0	0	0	0	0	0	0	0	0	0	0	0	0	0	0	0	0	Bacteria;Bacteroidetes;Bacteroidia;Bacteroidales;Porphyromonadaceae;Parabacteroides
OTU_833	0	0	0	0	0	0	0	0	0	0	0	0	0	0	0	0	1	0	0	0	0	0	0	0	0	0	0	0	0	0	0	0	0	0	0	0	0	0	0	0	0	0	0	0	0	0	0	0	0	7	0	0	0	2	0	0	0	0	0	0	0	0	0	0	96	0	0	0	0	0	0	0	0	0	0	0	0	0	0	0	0	0	0	0	0	0	0	0	0	0	0	0	0	0	0	0	0	0	0	2	0	1	0	Bacteria;Bacteroidetes;Bacteroidia;Bacteroidales;Bacteroidaceae;Bacteroides
OTU_860	0	0	0	0	0	5	0	0	0	0	0	0	0	0	0	0	0	0	0	0	0	6	0	0	0	0	0	23	0	26	0	0	0	0	0	0	0	0	0	0	0	0	0	0	100	0	0	0	0	0	0	0	0	0	0	0	197	1	0	0	0	0	0	0	0	0	0	0	0	0	0	0	0	1	0	0	0	0	0	0	0	0	0	0	0	0	0	0	0	0	0	0	0	0	0	0	0	0	0	0	0	0	0	Bacteria;Firmicutes;Clostridia;Clostridiales;Lachnospiraceae;
OTU_867	0	0	0	0	0	0	0	0	0	2	0	0	0	0	0	0	0	0	56	0	0	0	4	0	0	1	0	0	0	0	0	0	0	0	0	18	0	0	0	2	0	0	0	0	1	0	0	13	0	0	0	0	0	0	0	0	0	0	0	0	0	0	38	0	0	0	0	0	0	0	0	0	0	0	24	0	0	0	2	0	0	7	0	0	0	17	0	0	0	0	74	11	0	0	0	0	0	0	0	0	0	0	0	Bacteria;Firmicutes;Clostridia;Clostridiales;Lachnospiraceae;Incertae Sedis;
OTU_882	0	0	0	0	0	1	0	0	0	0	0	0	0	0	0	0	0	0	0	0	0	0	0	0	0	0	0	0	0	0	0	0	0	0	0	0	0	0	0	0	0	1	0	0	0	0	0	0	0	0	0	0	0	1	0	0	0	0	0	0	0	0	0	0	0	0	0	0	0	0	0	0	0	0	0	0	0	0	0	0	0	0	0	0	0	0	0	0	0	0	47	0	0	0	0	0	0	0	0	0	0	0	0	Bacteria;Actinobacteria;Actinobacteria;Bifidobacteriales;Bifidobacteriaceae;Bifidobacterium;
OTU_1005	4	5	4	2	11	0	10	2	1	0	1	17	13	0	0	2	9	0	0	7	17	1	0	0	1	0	6	0	28	0	5	0	4	6	3	0	59	4	22	0	3	0	0	14	0	2	0	57	0	0	2	5	2	0	0	17	3	0	0	22	22	0	2	10	0	3	1	9	0	27	0	0	2	6	7	1	2	3	0	3	1	0	9	0	0	0	48	7	0	0	41	22	2	14	0	0	0	0	0	5	16	25	0	Bacteria;Bacteroidetes;Bacteroidia;Bacteroidales;Bacteroidaceae;Bacteroides;
OTU_1027	0	0	0	0	0	0	0	0	0	0	0	0	0	0	0	0	0	0	64	0	0	0	0	0	0	0	0	0	0	0	0	0	0	0	0	0	0	0	0	0	0	0	0	0	0	0	0	0	0	0	0	0	0	0	0	0	0	0	0	0	0	0	0	0	0	0	0	0	0	0	0	0	0	0	0	0	0	0	0	0	0	0	15	0	0	0	0	0	0	0	0	0	0	0	0	0	0	0	0	0	0	0	0	Bacteria;Bacteroidetes;Bacteroidia;Bacteroidales;Bacteroidaceae;Bacteroides;
OTU_1063	0	0	0	0	0	2	0	0	0	10	28	0	0	0	0	2	71	2	12	14	4	0	1	0	0	2	0	0	0	10	0	0	0	0	0	0	0	0	0	5	0	0	0	0	1	0	0	1	0	137	1	24	0	3	0	38	0	0	0	0	0	0	0	0	1	0	7	0	0	0	0	0	0	0	0	14	0	2	123	0	0	58	0	132	0	2	0	0	0	0	1	0	0	0	1	24	0	83	0	6	0	9	0	Bacteria;Firmicutes;Clostridia;Clostridiales;Lachnospiraceae;Incertae Sedis;
OTU_1073	0	0	0	0	0	0	0	0	0	0	0	0	0	0	0	0	0	0	0	0	0	0	0	0	0	0	0	0	0	0	0	0	0	0	0	0	0	0	0	0	0	0	0	0	0	0	0	0	0	0	0	0	0	0	0	0	0	0	0	0	0	0	0	0	0	0	42	0	0	0	0	0	0	0	0	0	0	0	0	0	0	0	0	0	0	0	0	0	0	0	0	0	0	0	0	0	0	0	0	0	0	0	0	Bacteria;Firmicutes;Clostridia;Clostridiales;Lachnospiraceae;
OTU_1087	0	0	0	0	0	0	0	0	0	16	0	0	0	0	0	0	6	0	0	0	0	0	0	0	0	0	0	0	0	0	0	0	0	0	0	0	0	0	0	0	0	0	0	0	0	0	0	0	0	0	0	0	0	0	0	0	0	0	0	0	0	0	0	0	0	0	0	0	0	0	0	0	0	0	0	0	0	0	0	0	0	42	0	0	0	0	0	0	0	0	0	0	0	0	0	0	0	1	0	0	0	0	0	Bacteria;Bacteroidetes;Bacteroidia;Bacteroidales;Porphyromonadaceae;Parabacteroides
OTU_1136	0	0	0	0	0	0	0	0	0	0	0	0	0	0	0	0	0	0	0	0	0	0	0	28	0	0	0	0	0	0	0	0	0	0	0	0	0	0	0	0	0	0	0	0	0	0	0	0	0	0	0	0	0	0	0	0	0	0	0	0	0	0	0	0	0	0	0	0	0	0	0	0	0	0	0	0	0	0	0	0	0	0	0	0	0	0	0	1	0	0	0	0	0	0	0	0	0	0	0	0	0	0	0	Bacteria;Firmicutes;Clostridia;Clostridiales;Ruminococcaceae;
OTU_1147	0	0	0	0	0	2	0	0	0	0	1	0	0	0	0	0	0	0	0	0	1	0	0	0	0	0	124	0	0	0	0	0	0	0	0	0	0	0	0	0	0	0	0	0	0	0	0	0	0	0	0	0	0	0	0	0	0	0	0	0	0	0	2	0	0	0	0	0	0	0	0	0	0	0	1	2	0	0	0	0	0	0	0	0	0	0	0	0	0	0	0	0	0	1	1	0	0	0	0	1	0	0	0	Bacteria;Bacteroidetes;Bacteroidia;Bacteroidales;Porphyromonadaceae;Parabacteroides
OTU_1156	0	0	0	0	0	0	0	0	0	0	0	0	0	99	0	0	0	0	0	0	0	0	0	3	0	0	0	33	0	0	0	0	0	0	0	0	0	0	0	0	0	0	0	0	0	0	0	0	0	0	0	0	0	0	0	0	0	0	0	0	0	0	0	0	0	0	0	0	0	0	0	0	0	0	0	0	0	0	3	27	0	0	0	0	0	0	0	0	0	0	0	0	0	0	0	0	0	0	0	0	0	0	0	Bacteria;Firmicutes;Clostridia;Clostridiales;Clostridiaceae 1;Sarcina
OTU_1255	0	1	0	1	0	103	0	0	0	536	1	0	0	0	1	0	0	0	1	0	1	183	67	0	0	68	1	93	1	2	0	0	0	2	0	0	0	0	0	1078	0	0	0	0	0	0	1	0	79	0	2	0	0	0	0	0	616	0	1	0	0	0	0	957	1	0	0	795	0	0	0	1	0	2	2	0	2	0	0	0	0	0	0	0	0	180	0	0	0	0	0	0	0	2	23	1	2	0	0	2	3	0	0	Bacteria;Firmicutes;Clostridia;Clostridiales;Ruminococcaceae;Faecalibacterium
OTU_1299	0	0	0	0	0	2	0	0	0	4	0	1	0	0	0	0	0	0	1	0	0	18	11	0	0	6	0	3	0	15	5	3	3	5	6	0	0	2	0	0	0	0	0	0	0	21	0	0	44	0	21	0	0	1	0	0	0	0	12	0	14	0	2	50	0	0	0	0	0	0	13	0	1	0	0	0	0	6	35	30	0	0	0	0	6	12	0	0	0	0	0	0	0	2	0	0	0	0	0	0	0	0	0	Bacteria;Firmicutes;Clostridia;Clostridiales;Lachnospiraceae;Roseburia
OTU_1367	0	0	0	0	0	1	0	0	0	5	19	0	0	0	0	0	0	1	0	0	3	0	0	0	0	0	0	0	0	0	13	0	0	0	0	0	0	0	0	0	0	0	0	0	0	0	0	3	0	0	0	0	0	0	0	0	0	0	1	0	4	0	91	0	0	0	0	0	0	0	0	0	0	0	31	37	0	0	0	0	0	0	0	0	0	0	0	0	0	0	0	0	0	25	33	0	0	0	0	8	0	0	0	Bacteria;Bacteroidetes;Bacteroidia;Bacteroidales;Porphyromonadaceae;Parabacteroides
OTU_1401	0	0	0	0	0	0	0	0	0	0	0	0	0	0	0	1	0	0	0	0	0	0	0	0	0	0	0	0	0	0	0	0	0	0	1	0	0	0	0	0	0	0	0	0	0	1	0	0	0	0	0	0	0	2	0	0	0	0	0	0	0	0	0	0	0	0	0	0	79	77	0	0	4	0	0	0	0	0	0	0	1	1	0	0	0	0	0	0	0	0	0	0	0	0	0	0	0	0	0	0	0	0	0	Bacteria;Firmicutes;Clostridia;Clostridiales;Lachnospiraceae;Blautia;
OTU_1459	0	0	0	0	0	0	0	0	0	0	0	0	0	0	0	0	0	0	0	0	0	0	0	0	0	0	0	0	0	0	0	0	0	0	0	0	0	0	0	0	0	0	0	0	0	0	0	0	0	0	0	0	0	0	0	0	0	0	0	0	0	0	0	0	0	0	0	0	0	0	0	0	0	0	0	0	0	0	0	0	0	0	0	0	0	80	0	0	0	0	0	0	0	0	0	0	0	0	0	0	0	0	0	Bacteria;Firmicutes;Clostridia;Clostridiales;Lachnospiraceae;
OTU_1474	0	0	0	0	0	0	0	0	0	0	0	0	0	0	0	0	0	0	0	0	0	0	0	0	0	0	0	0	0	0	0	0	0	0	0	0	0	0	0	0	0	0	0	0	0	0	0	0	0	0	0	0	0	0	0	0	0	0	0	0	0	0	0	0	0	0	0	0	0	0	0	0	0	0	0	0	0	0	0	0	0	0	0	0	45	0	0	0	0	0	0	0	0	0	0	0	0	0	0	0	0	0	0	Bacteria;Firmicutes;Clostridia;Clostridiales;Lachnospiraceae;
OTU_1476	0	1	0	3	0	0	2	2	1	0	0	0	0	0	0	0	7	0	4	4	0	0	2	0	2	0	1	0	0	0	0	0	0	33	0	3	2	0	1	0	4	1	0	14	0	0	0	0	0	0	1	0	0	0	2	1	0	0	0	2	0	0	0	1	0	0	0	0	1	20	0	1	0	0	0	0	0	0	0	0	0	0	4	0	11	0	0	0	0	0	11	0	1	0	0	1	0	0	0	0	0	19	3	Bacteria;Actinobacteria;Actinobacteria;Bifidobacteriales;Bifidobacteriaceae;Bifidobacterium
OTU_1532	0	0	0	0	0	0	0	0	0	0	0	0	0	0	0	19	0	0	0	0	0	0	0	0	0	0	0	0	0	0	0	0	0	0	0	0	0	0	0	0	0	0	0	0	42	71	0	0	0	0	0	0	8	0	0	0	0	0	0	0	0	0	0	0	0	0	0	0	0	0	0	0	0	0	0	0	0	0	0	34	0	0	0	0	0	0	0	0	0	0	0	0	0	37	0	0	0	0	0	0	0	0	0	Bacteria;Bacteroidetes;Bacteroidia;Bacteroidales;Porphyromonadaceae;Barnesiella
OTU_1587	0	0	0	0	0	0	0	0	0	0	0	0	0	0	0	0	0	0	0	0	0	1	0	0	0	0	0	0	0	0	0	0	0	0	0	0	0	273	0	0	0	0	0	0	0	0	0	0	0	0	0	0	0	0	0	0	0	0	0	0	0	0	0	0	0	0	0	0	0	0	0	0	0	0	0	0	0	0	0	0	0	0	0	0	4	0	0	0	0	0	0	0	0	0	0	0	0	0	0	0	0	0	0	Bacteria;Actinobacteria;Actinobacteria;Bifidobacteriales;Bifidobacteriaceae;Bifidobacterium
OTU_1639	62	70	0	19	0	1	125	30	21	0	3	159	57	0	0	9	124	10	1	20	126	7	1	2	1	0	29	1	257	0	34	4	24	26	28	0	566	66	154	0	17	0	1	98	9	8	0	399	5	0	23	54	5	0	0	130	46	4	4	208	168	0	8	72	3	15	18	67	0	1	8	6	5	83	117	10	8	33	0	33	7	10	152	1	0	9	7	49	0	1	322	294	21	82	5	0	0	0	0	38	99	156	0	Bacteria;Actinobacteria;Actinobacteria;Bifidobacteriales;Bifidobacteriaceae;Bifidobacterium
OTU_1707	0	0	0	0	0	0	0	0	0	0	0	0	0	0	0	0	0	0	0	0	0	0	0	0	0	0	0	0	0	0	0	0	0	0	0	0	0	0	0	0	0	0	0	0	0	0	0	0	0	35	0	0	0	0	0	0	0	0	0	0	0	0	0	0	0	0	0	0	0	0	0	0	0	0	0	0	0	0	0	0	0	0	0	0	0	10	0	0	0	0	0	0	0	0	0	0	0	0	0	0	0	0	0	Bacteria;Firmicutes;Clostridia;Clostridiales;Lachnospiraceae;
OTU_1747	0	2	6	0	0	2	0	1	4	0	1	2	3	0	0	0	0	1	0	0	0	3	1	0	0	1	1	0	0	1	5	0	0	5	0	0	0	4	0	0	0	0	1	2	0	0	0	0	7	0	0	2	0	1	0	0	1	0	0	0	1	0	1	2	1	1	1	1	0	0	4	1	0	0	3	0	0	1	0	3	0	5	0	0	0	1	0	0	33	0	0	3	0	2	6	0	0	2	0	0	0	0	0	Bacteria;Firmicutes;Negativicutes;Selenomonadales;Veillonellaceae;Veillonella
OTU_1762	21	22	0	9	3	0	39	3	6	0	1	48	31	0	1	2	40	4	2	12	55	1	0	1	0	0	14	0	97	1	22	1	9	6	10	1	176	20	69	0	5	0	2	31	3	5	0	161	4	2	6	20	2	0	0	44	10	0	2	74	62	0	0	16	0	7	5	33	0	8	3	5	2	25	45	2	0	19	0	7	5	5	54	2	0	3	35	15	0	0	136	112	8	35	4	0	0	0	0	7	45	79	0	Bacteria;Firmicutes;Clostridia;Clostridiales;Lachnospiraceae;Roseburia
OTU_1767	0	0	0	0	0	0	66	0	3	5	0	0	0	0	0	0	0	0	7	0	14	13	6	0	9	1	7	21	0	15	0	2	6	0	0	0	0	6	0	0	0	10	0	0	1	0	9	0	0	0	0	0	0	0	0	0	2	7	1	0	0	0	0	17	0	41	5	1	0	0	0	0	0	0	0	0	8	0	3	47	0	1	1	0	0	13	0	0	0	0	0	0	0	4	0	0	0	0	0	0	1	0	0	Bacteria;Firmicutes;Clostridia;Clostridiales;Lachnospiraceae;Roseburia
OTU_1768	0	2	0	11	1	0	0	1	0	0	0	20	0	0	0	0	6	2	1	0	0	0	0	0	0	0	0	0	5	5	1	7	0	0	0	1	0	1	0	0	0	0	0	1	0	0	0	0	0	0	1	0	0	0	1	0	0	0	0	0	0	2	1	0	0	0	0	10	0	1	19	22	15	15	1	0	3	0	0	0	0	0	0	0	0	0	0	21	2	8	1	0	4	0	0	0	0	0	0	0	9	0	0	Bacteria;Bacteroidetes;Bacteroidia;Bacteroidales;Porphyromonadaceae;Barnesiella
OTU_1811	0	0	1	0	5	4	0	0	1	67	206	780	0	1	1	26	0	370	0	0	0	112	623	37	64	92	46	138	41	161	0	21	2	30	0	0	0	1	0	1	0	140	0	1060	327	0	0	1	0	29	0	3	0	1	0	0	664	9	18	0	0	0	6	1	64	5	0	0	0	0	0	0	167	1	0	143	0	36	572	484	0	5	5	0	0	2977	0	0	0	0	0	0	0	37	105	0	51	0	0	0	0	0	0	Bacteria;Firmicutes;Clostridia;Clostridiales;Ruminococcaceae;
OTU_1892	0	0	0	0	0	1	0	0	0	21	52	240	2	0	0	12	0	126	0	0	0	30	199	16	12	35	12	25	12	61	1	3	0	6	0	0	0	2	0	1	0	41	0	277	95	0	0	0	0	5	0	1	2	0	0	0	242	4	1	0	0	0	0	2	22	0	0	0	0	0	0	0	33	0	0	43	0	0	206	169	0	1	0	0	0	23	0	0	0	0	0	0	0	0	8	0	22	0	0	0	0	0	0	Bacteria;Firmicutes;Clostridia;Clostridiales;Lachnospiraceae;Coprococcus
OTU_2021	0	0	0	0	0	0	0	0	0	0	0	0	0	0	0	1	0	0	0	0	0	0	0	0	0	0	0	0	0	0	0	1	0	0	0	0	0	0	0	0	0	0	0	0	0	0	0	35	0	2	0	0	0	0	0	0	0	0	0	0	0	0	0	0	0	0	0	0	0	0	0	0	0	0	0	0	0	0	0	0	0	0	0	0	0	2	0	0	0	0	0	0	0	0	0	0	0	0	0	0	0	0	0	Bacteria;Bacteroidetes;Bacteroidia;Bacteroidales;Porphyromonadaceae;Barnesiella
OTU_2220	0	0	0	0	0	0	0	0	0	15	0	0	0	0	0	0	0	0	0	0	0	0	8	0	0	6	0	0	0	0	0	0	0	0	0	0	0	0	0	0	0	0	0	0	0	0	0	0	0	0	0	0	0	0	0	0	0	15	0	0	0	0	0	0	0	0	0	35	0	0	0	0	0	0	0	0	0	0	0	0	0	0	0	0	21	0	0	0	0	0	22	0	0	0	6	0	0	0	0	0	0	0	0	Bacteria;Firmicutes;Clostridia;Clostridiales;Ruminococcaceae;
OTU_2313	0	0	0	0	0	0	0	0	0	0	0	0	0	0	0	0	0	0	0	4	0	53	21	0	0	16	0	0	0	0	0	0	0	0	1	0	0	0	0	0	0	0	0	0	0	0	0	0	0	0	0	0	0	0	0	0	0	0	0	0	0	0	0	0	0	1	0	0	0	0	0	0	0	0	0	0	0	0	0	0	0	0	0	0	0	0	0	0	0	0	0	0	0	0	0	0	0	0	0	0	0	0	0	Bacteria;Firmicutes;Clostridia;Clostridiales;Lachnospiraceae;Coprococcus
